"id","creation_time","property1","property2","property3","property4","property5","failed","time_of_death","details","type","origin_id","network_id","contents"
1,"2019-03-25 14:05:22.67284",,,,,,FALSE,,"{}","info",1,1,"{""question"": ""What is the capital city of France?"", ""number"": ""practice 1"", ""round"": 0, ""topic"": ""Practice"", ""Wwer"": ""Barcelona"", ""Rwer"": ""Paris"", ""pic"": false}"
2,"2019-03-25 14:05:27.984773","{""number"":""practice 1"",""copying"":false,""score"":0,""info_chosen"":""NA"",""round"":0,""human"":true}",,,,,FALSE,,"{}","lotty_info",5,1,"Barcelona"
3,"2019-03-25 14:05:29.58473","{""number"":""practice 1"",""copying"":false,""score"":0,""info_chosen"":""NA"",""round"":0,""human"":true}",,,,,FALSE,,"{}","lotty_info",4,1,"Barcelona"
4,"2019-03-25 14:05:31.305414","{""number"":""practice 1"",""copying"":false,""score"":1,""info_chosen"":""NA"",""round"":0,""human"":true}",,,,,FALSE,,"{}","lotty_info",3,1,"Paris"
5,"2019-03-25 14:05:31.357352",,,,,,FALSE,,"{}","info",1,1,"{""question"": ""How much does an average chimpanzee weigh?"", ""number"": ""practice 2"", ""round"": 0, ""topic"": ""Practice"", ""Wwer"": ""500kg"", ""Rwer"": ""50kg"", ""pic"": false}"
6,"2019-03-25 14:05:40.471856","{""number"":""practice 2"",""copying"":false,""score"":0,""info_chosen"":""NA"",""round"":0,""human"":true}",,,,,FALSE,,"{}","lotty_info",5,1,"500kg"
7,"2019-03-25 14:05:41.529672","{""number"":""practice 2"",""copying"":false,""score"":0,""info_chosen"":""NA"",""round"":0,""human"":true}",,,,,FALSE,,"{}","lotty_info",4,1,"500kg"
8,"2019-03-25 14:05:42.858317","{""number"":""practice 2"",""copying"":false,""score"":1,""info_chosen"":""NA"",""round"":0,""human"":true}",,,,,FALSE,,"{}","lotty_info",3,1,"50kg"
9,"2019-03-25 14:05:42.991611",,,,,,FALSE,,"{}","info",1,1,"{""question"": ""\""Pepino\"" means \""cucumber\"" in which language?"", ""number"": ""practice 3"", ""round"": 0, ""topic"": ""Practice"", ""Wwer"": ""Italian"", ""Rwer"": ""Spanish"", ""pic"": false}"
10,"2019-03-25 14:05:58.698332","{""number"":""practice 3"",""copying"":false,""score"":0,""info_chosen"":""NA"",""round"":0,""human"":false}",,,,,FALSE,,"{}","lotty_info",5,1,"Italian"
11,"2019-03-25 14:05:59.12631","{""number"":""practice 3"",""copying"":false,""score"":0,""info_chosen"":""NA"",""round"":0,""human"":false}",,,,,FALSE,,"{}","lotty_info",3,1,"Italian"
12,"2019-03-25 14:06:01.856704","{""number"":""practice 3"",""copying"":false,""score"":0,""info_chosen"":""NA"",""round"":0,""human"":false}",,,,,FALSE,,"{}","lotty_info",4,1,"Italian"
13,"2019-03-25 14:06:01.910548",,,,,,FALSE,,"{}","info",1,1,"{""question"": ""Vincent van Gogh died in which year?"", ""number"": ""practice 4"", ""round"": 0, ""topic"": ""Practice"", ""Wwer"": ""1880"", ""Rwer"": ""1890"", ""pic"": false}"
14,"2019-03-25 14:06:17.347763","{""number"":""practice 4"",""copying"":false,""score"":0,""info_chosen"":""NA"",""round"":0,""human"":false}",,,,,FALSE,,"{}","lotty_info",3,1,"1880"
15,"2019-03-25 14:06:17.960719","{""number"":""practice 4"",""copying"":false,""score"":0,""info_chosen"":""NA"",""round"":0,""human"":false}",,,,,FALSE,,"{}","lotty_info",5,1,"1880"
16,"2019-03-25 14:06:18.041207","{""number"":""practice 4"",""copying"":false,""score"":0,""info_chosen"":""NA"",""round"":0,""human"":false}",,,,,FALSE,,"{}","lotty_info",4,1,"1880"
17,"2019-03-25 14:06:18.086687",,,,,,FALSE,,"{}","info",1,1,"{""question"": ""In which country is the red dot located?"", ""number"": 1, ""round"": 1, ""topic"": ""Geography"", ""Wwer"": ""Guatemala"", ""Rwer"": ""Belize"", ""pic"": true}"
18,"2019-03-25 14:06:19.201791",,,,,,FALSE,,"{}","info",2,2,"{""question"": ""What is the capital city of France?"", ""number"": ""practice 1"", ""round"": 0, ""topic"": ""Practice"", ""Wwer"": ""Barcelona"", ""Rwer"": ""Paris"", ""pic"": false}"
19,"2019-03-25 14:06:31.211665","{""number"":1,""copying"":false,""score"":1,""info_chosen"":""NA"",""round"":1,""human"":true}",,,,,FALSE,,"{}","lotty_info",3,1,"Belize"
20,"2019-03-25 14:06:34.368993","{""number"":1,""copying"":false,""score"":1,""info_chosen"":""NA"",""round"":1,""human"":true}",,,,,FALSE,,"{}","lotty_info",4,1,"Belize"
21,"2019-03-25 14:06:35.396532","{""number"":""practice 1"",""copying"":false,""score"":0,""info_chosen"":""NA"",""round"":0,""human"":false}",,,,,FALSE,,"{}","lotty_info",8,2,"Barcelona"
22,"2019-03-25 14:06:35.605982","{""number"":""practice 1"",""copying"":false,""score"":0,""info_chosen"":""NA"",""round"":0,""human"":false}",,,,,FALSE,,"{}","lotty_info",6,2,"Barcelona"
23,"2019-03-25 14:06:36.16035","{""number"":""practice 1"",""copying"":false,""score"":0,""info_chosen"":""NA"",""round"":0,""human"":false}",,,,,FALSE,,"{}","lotty_info",7,2,"Barcelona"
24,"2019-03-25 14:06:36.217389",,,,,,FALSE,,"{}","info",2,2,"{""question"": ""How much does an average chimpanzee weigh?"", ""number"": ""practice 2"", ""round"": 0, ""topic"": ""Practice"", ""Wwer"": ""500kg"", ""Rwer"": ""50kg"", ""pic"": false}"
25,"2019-03-25 14:06:37.027619","{""number"":1,""copying"":false,""score"":0,""info_chosen"":""NA"",""round"":1,""human"":true}",,,,,FALSE,,"{}","lotty_info",5,1,"Guatemala"
26,"2019-03-25 14:06:37.082668",,,,,,FALSE,,"{}","info",1,1,"{""question"": ""In which country is the red dot located?"", ""number"": 2, ""round"": 1, ""topic"": ""Geography"", ""Wwer"": ""Nigeria"", ""Rwer"": ""The Ivory Coast"", ""pic"": true}"
27,"2019-03-25 14:06:40.875187","{""number"":""practice 2"",""copying"":false,""score"":1,""info_chosen"":""NA"",""round"":0,""human"":true}",,,,,FALSE,,"{}","lotty_info",7,2,"50kg"
28,"2019-03-25 14:06:42.010386","{""number"":""practice 2"",""copying"":false,""score"":0,""info_chosen"":""NA"",""round"":0,""human"":true}",,,,,FALSE,,"{}","lotty_info",6,2,"500kg"
29,"2019-03-25 14:06:43.32862","{""number"":""practice 2"",""copying"":false,""score"":1,""info_chosen"":""NA"",""round"":0,""human"":true}",,,,,FALSE,,"{}","lotty_info",8,2,"50kg"
30,"2019-03-25 14:06:43.379106",,,,,,FALSE,,"{}","info",2,2,"{""question"": ""\""Pepino\"" means \""cucumber\"" in which language?"", ""number"": ""practice 3"", ""round"": 0, ""topic"": ""Practice"", ""Wwer"": ""Italian"", ""Rwer"": ""Spanish"", ""pic"": false}"
31,"2019-03-25 14:06:52.542933","{""number"":2,""copying"":false,""score"":0,""info_chosen"":""NA"",""round"":1,""human"":false}",,,,,FALSE,,"{}","lotty_info",3,1,"Nigeria"
32,"2019-03-25 14:06:53.221512","{""number"":2,""copying"":false,""score"":0,""info_chosen"":""NA"",""round"":1,""human"":false}",,,,,FALSE,,"{}","lotty_info",5,1,"Nigeria"
33,"2019-03-25 14:06:57.716321","{""number"":2,""copying"":false,""score"":0,""info_chosen"":""NA"",""round"":1,""human"":false}",,,,,FALSE,,"{}","lotty_info",4,1,"Nigeria"
34,"2019-03-25 14:06:57.771911",,,,,,FALSE,,"{}","info",1,1,"{""question"": ""The capital of Hawaii is"", ""number"": 3, ""round"": 1, ""topic"": ""Geography"", ""Wwer"": ""Waikiki"", ""Rwer"": ""Honolulu"", ""pic"": false}"
35,"2019-03-25 14:06:59.093723","{""number"":""practice 3"",""copying"":false,""score"":0,""info_chosen"":""NA"",""round"":0,""human"":false}",,,,,FALSE,,"{}","lotty_info",7,2,"Italian"
36,"2019-03-25 14:06:59.207286","{""number"":""practice 3"",""copying"":false,""score"":0,""info_chosen"":""NA"",""round"":0,""human"":false}",,,,,FALSE,,"{}","lotty_info",6,2,"Italian"
37,"2019-03-25 14:06:59.527012","{""number"":""practice 3"",""copying"":false,""score"":0,""info_chosen"":""NA"",""round"":0,""human"":false}",,,,,FALSE,,"{}","lotty_info",8,2,"Italian"
38,"2019-03-25 14:06:59.572754",,,,,,FALSE,,"{}","info",2,2,"{""question"": ""Vincent van Gogh died in which year?"", ""number"": ""practice 4"", ""round"": 0, ""topic"": ""Practice"", ""Wwer"": ""1880"", ""Rwer"": ""1890"", ""pic"": false}"
39,"2019-03-25 14:07:01.797651","{""number"":""practice 4"",""copying"":false,""score"":0,""info_chosen"":""NA"",""round"":0,""human"":true}",,,,,FALSE,,"{}","lotty_info",7,2,"1880"
40,"2019-03-25 14:07:03.09252","{""number"":""practice 4"",""copying"":false,""score"":1,""info_chosen"":""NA"",""round"":0,""human"":true}",,,,,FALSE,,"{}","lotty_info",6,2,"1890"
41,"2019-03-25 14:07:04.746686","{""number"":""practice 4"",""copying"":false,""score"":0,""info_chosen"":""NA"",""round"":0,""human"":true}",,,,,FALSE,,"{}","lotty_info",8,2,"1880"
42,"2019-03-25 14:07:04.792058",,,,,,FALSE,,"{}","info",2,2,"{""question"": ""In which country is the red dot located?"", ""number"": 1, ""round"": 1, ""topic"": ""Geography"", ""Wwer"": ""Guatemala"", ""Rwer"": ""Belize"", ""pic"": true}"
43,"2019-03-25 14:07:13.595612","{""number"":3,""copying"":false,""score"":0,""info_chosen"":""NA"",""round"":1,""human"":false}",,,,,FALSE,,"{}","lotty_info",5,1,"Waikiki"
44,"2019-03-25 14:07:13.877231","{""number"":3,""copying"":false,""score"":0,""info_chosen"":""NA"",""round"":1,""human"":false}",,,,,FALSE,,"{}","lotty_info",3,1,"Waikiki"
45,"2019-03-25 14:07:13.988917","{""number"":3,""copying"":false,""score"":0,""info_chosen"":""NA"",""round"":1,""human"":false}",,,,,FALSE,,"{}","lotty_info",4,1,"Waikiki"
46,"2019-03-25 14:07:14.056276",,,,,,FALSE,,"{}","info",1,1,"{""question"": ""Saint Helena is an island in"", ""number"": 4, ""round"": 1, ""topic"": ""Georgraphy"", ""Wwer"": ""The Indian Ocean"", ""Rwer"": ""The South Atlantic Ocean"", ""pic"": false}"
47,"2019-03-25 14:07:29.766887","{""number"":4,""copying"":false,""score"":0,""info_chosen"":""NA"",""round"":1,""human"":false}",,,,,FALSE,,"{}","lotty_info",5,1,"The Indian Ocean"
48,"2019-03-25 14:07:30.052685","{""number"":4,""copying"":false,""score"":0,""info_chosen"":""NA"",""round"":1,""human"":false}",,,,,FALSE,,"{}","lotty_info",3,1,"The Indian Ocean"
49,"2019-03-25 14:07:30.20021","{""number"":4,""copying"":false,""score"":0,""info_chosen"":""NA"",""round"":1,""human"":false}",,,,,FALSE,,"{}","lotty_info",4,1,"The Indian Ocean"
50,"2019-03-25 14:07:30.253762",,,,,,FALSE,,"{}","info",1,1,"{""question"": ""Which country shares a border with El Salvador?"", ""number"": 5, ""round"": 1, ""topic"": ""Georgraphy"", ""Wwer"": ""Paraguay"", ""Rwer"": ""Honduras"", ""pic"": false}"
51,"2019-03-25 14:07:33.69326","{""number"":5,""copying"":false,""score"":0,""info_chosen"":""NA"",""round"":1,""human"":true}",,,,,TRUE,"2019-03-25 14:07:35.751634","{}","lotty_info",5,1,"Ask Someone Else"
52,"2019-03-25 14:07:34.861464","{""number"":5,""copying"":false,""score"":1,""info_chosen"":""NA"",""round"":1,""human"":true}",,,,,FALSE,,"{}","lotty_info",4,1,"Honduras"
53,"2019-03-25 14:07:35.707956","{""number"":5,""copying"":false,""score"":0,""info_chosen"":""NA"",""round"":1,""human"":true}",,,,,FALSE,,"{}","lotty_info",3,1,"Paraguay"
54,"2019-03-25 14:07:35.771879",,,,,,FALSE,,"{}","info",1,1,"Good Luck"
55,"2019-03-25 14:07:37.552185","{""number"":5,""copying"":true,""score"":0,""info_chosen"":""Player ID"",""round"":1,""human"":true}",,,,,TRUE,"2019-03-25 14:07:37.585126","{}","lotty_info",5,1,"3"
56,"2019-03-25 14:07:37.605175","{""number"": 5, ""copying"": true, ""score"": 0, ""info_chosen"": ""Player ID"", ""round"": 1, ""human"": true}",,,,,FALSE,,"{}","lotty_info",5,1,"Paraguay"
57,"2019-03-25 14:07:37.649016",,,,,,FALSE,,"{}","info",1,1,"{""question"": ""The capital of the Philippines is?"", ""number"": 6, ""round"": 1, ""topic"": ""Georgraphy"", ""Wwer"": ""Davao"", ""Rwer"": ""Manila"", ""pic"": false}"
58,"2019-03-25 14:07:40.274778","{""number"":6,""copying"":false,""score"":1,""info_chosen"":""NA"",""round"":1,""human"":true}",,,,,FALSE,,"{}","lotty_info",4,1,"Manila"
59,"2019-03-25 14:07:41.141434","{""number"":6,""copying"":false,""score"":0,""info_chosen"":""NA"",""round"":1,""human"":true}",,,,,FALSE,,"{}","lotty_info",5,1,"Davao"
60,"2019-03-25 14:07:42.074145","{""number"":6,""copying"":false,""score"":0,""info_chosen"":""NA"",""round"":1,""human"":true}",,,,,FALSE,,"{}","lotty_info",3,1,"Davao"
61,"2019-03-25 14:07:42.132191",,,,,,FALSE,,"{}","info",1,1,"{""question"": ""Which is closest to Finland?"", ""number"": 7, ""round"": 1, ""topic"": ""Georgraphy"", ""Wwer"": ""Moscow"", ""Rwer"": ""St Petersburg"", ""pic"": false}"
62,"2019-03-25 14:07:43.458016","{""number"":1,""copying"":false,""score"":0,""info_chosen"":""NA"",""round"":1,""human"":false}",,,,,FALSE,,"{}","lotty_info",8,2,"Guatemala"
63,"2019-03-25 14:07:45.070474","{""number"":1,""copying"":false,""score"":0,""info_chosen"":""NA"",""round"":1,""human"":false}",,,,,FALSE,,"{}","lotty_info",6,2,"Guatemala"
64,"2019-03-25 14:07:47.099693","{""number"":1,""copying"":false,""score"":0,""info_chosen"":""NA"",""round"":1,""human"":false}",,,,,FALSE,,"{}","lotty_info",7,2,"Guatemala"
65,"2019-03-25 14:07:47.155167",,,,,,FALSE,,"{}","info",2,2,"{""question"": ""In which country is the red dot located?"", ""number"": 2, ""round"": 1, ""topic"": ""Geography"", ""Wwer"": ""Nigeria"", ""Rwer"": ""The Ivory Coast"", ""pic"": true}"
66,"2019-03-25 14:07:55.901412","{""number"":2,""copying"":false,""score"":0,""info_chosen"":""NA"",""round"":1,""human"":true}",,,,,FALSE,,"{}","lotty_info",7,2,"Nigeria"
67,"2019-03-25 14:07:57.304257","{""number"":7,""copying"":false,""score"":0,""info_chosen"":""NA"",""round"":1,""human"":false}",,,,,FALSE,,"{}","lotty_info",5,1,"Moscow"
68,"2019-03-25 14:07:57.47655","{""number"":7,""copying"":false,""score"":0,""info_chosen"":""NA"",""round"":1,""human"":false}",,,,,FALSE,,"{}","lotty_info",4,1,"Moscow"
69,"2019-03-25 14:07:57.633209","{""number"":2,""copying"":false,""score"":1,""info_chosen"":""NA"",""round"":1,""human"":true}",,,,,FALSE,,"{}","lotty_info",6,2,"The Ivory Coast"
70,"2019-03-25 14:07:58.284485","{""number"":7,""copying"":false,""score"":0,""info_chosen"":""NA"",""round"":1,""human"":false}",,,,,FALSE,,"{}","lotty_info",3,1,"Moscow"
71,"2019-03-25 14:07:58.338914",,,,,,FALSE,,"{}","info",1,1,"{""question"": ""Which is the largest of The Canary Islands?"", ""number"": 8, ""round"": 1, ""topic"": ""Georgraphy"", ""Wwer"": ""Gran Canaria"", ""Rwer"": ""Tenerife"", ""pic"": false}"
72,"2019-03-25 14:07:59.524999","{""number"":2,""copying"":false,""score"":0,""info_chosen"":""NA"",""round"":1,""human"":true}",,,,,TRUE,"2019-03-25 14:07:59.572263","{}","lotty_info",8,2,"Ask Someone Else"
73,"2019-03-25 14:07:59.591792",,,,,,FALSE,,"{}","info",2,2,"Good Luck"
74,"2019-03-25 14:08:01.976796","{""number"":2,""copying"":true,""score"":0,""info_chosen"":""Player ID"",""round"":1,""human"":true}",,,,,TRUE,"2019-03-25 14:08:02.010611","{}","lotty_info",8,2,"7"
75,"2019-03-25 14:08:02.123417","{""number"": 2, ""copying"": true, ""score"": 0, ""info_chosen"": ""Player ID"", ""round"": 1, ""human"": true}",,,,,FALSE,,"{}","lotty_info",8,2,"Nigeria"
76,"2019-03-25 14:08:02.168573",,,,,,FALSE,,"{}","info",2,2,"{""question"": ""The capital of Hawaii is"", ""number"": 3, ""round"": 1, ""topic"": ""Geography"", ""Wwer"": ""Waikiki"", ""Rwer"": ""Honolulu"", ""pic"": false}"
77,"2019-03-25 14:08:05.105155","{""number"":8,""copying"":false,""score"":1,""info_chosen"":""NA"",""round"":1,""human"":true}",,,,,FALSE,,"{}","lotty_info",4,1,"Tenerife"
78,"2019-03-25 14:08:06.072622","{""number"":8,""copying"":false,""score"":0,""info_chosen"":""NA"",""round"":1,""human"":true}",,,,,FALSE,,"{}","lotty_info",3,1,"Gran Canaria"
79,"2019-03-25 14:08:07.309124","{""number"":8,""copying"":false,""score"":1,""info_chosen"":""NA"",""round"":1,""human"":true}",,,,,FALSE,,"{}","lotty_info",5,1,"Tenerife"
80,"2019-03-25 14:08:07.366051",,,,,,FALSE,,"{}","info",1,1,"{""question"": ""Oklahoma state shares a border with?"", ""number"": 9, ""round"": 1, ""topic"": ""Georgraphy"", ""Wwer"": ""Arizona"", ""Rwer"": ""New Mexico"", ""pic"": false}"
81,"2019-03-25 14:08:09.604233","{""number"":9,""copying"":false,""score"":0,""info_chosen"":""NA"",""round"":1,""human"":true}",,,,,FALSE,,"{}","lotty_info",4,1,"Arizona"
82,"2019-03-25 14:08:10.560155","{""number"":9,""copying"":false,""score"":1,""info_chosen"":""NA"",""round"":1,""human"":true}",,,,,FALSE,,"{}","lotty_info",5,1,"New Mexico"
83,"2019-03-25 14:08:11.619817","{""number"":9,""copying"":false,""score"":0,""info_chosen"":""NA"",""round"":1,""human"":true}",,,,,FALSE,,"{}","lotty_info",3,1,"Arizona"
84,"2019-03-25 14:08:11.6734",,,,,,FALSE,,"{}","info",1,1,"{""question"": ""Amsterdam is nearer to?"", ""number"": 10, ""round"": 1, ""topic"": ""Georgraphy"", ""Wwer"": ""Antwerp"", ""Rwer"": ""Rotterdam"", ""pic"": false}"
85,"2019-03-25 14:08:14.407695","{""number"":10,""copying"":false,""score"":0,""info_chosen"":""NA"",""round"":1,""human"":true}",,,,,FALSE,,"{}","lotty_info",4,1,"Antwerp"
86,"2019-03-25 14:08:15.264581","{""number"":10,""copying"":false,""score"":1,""info_chosen"":""NA"",""round"":1,""human"":true}",,,,,FALSE,,"{}","lotty_info",3,1,"Rotterdam"
87,"2019-03-25 14:08:16.118226","{""number"":10,""copying"":false,""score"":0,""info_chosen"":""NA"",""round"":1,""human"":true}",,,,,FALSE,,"{}","lotty_info",5,1,"Antwerp"
88,"2019-03-25 14:08:16.179945",,,,,,FALSE,,"{}","info",1,1,"{""question"": ""A pot of nail varnish weighs?"", ""number"": 11, ""round"": 1, ""topic"": ""Weight estimation"", ""Wwer"": ""162g"", ""Rwer"": ""62g"", ""pic"": true}"
89,"2019-03-25 14:08:17.305943","{""number"":3,""copying"":false,""score"":0,""info_chosen"":""NA"",""round"":1,""human"":false}",,,,,FALSE,,"{}","lotty_info",7,2,"Waikiki"
90,"2019-03-25 14:08:17.920551","{""number"":3,""copying"":false,""score"":0,""info_chosen"":""NA"",""round"":1,""human"":false}",,,,,FALSE,,"{}","lotty_info",6,2,"Waikiki"
91,"2019-03-25 14:08:18.298812","{""number"":3,""copying"":false,""score"":0,""info_chosen"":""NA"",""round"":1,""human"":false}",,,,,FALSE,,"{}","lotty_info",8,2,"Waikiki"
92,"2019-03-25 14:08:18.355219",,,,,,FALSE,,"{}","info",2,2,"{""question"": ""Saint Helena is an island in"", ""number"": 4, ""round"": 1, ""topic"": ""Georgraphy"", ""Wwer"": ""The Indian Ocean"", ""Rwer"": ""The South Atlantic Ocean"", ""pic"": false}"
93,"2019-03-25 14:08:19.302749","{""number"":11,""copying"":false,""score"":0,""info_chosen"":""NA"",""round"":1,""human"":true}",,,,,FALSE,,"{}","lotty_info",4,1,"162g"
94,"2019-03-25 14:08:20.652588","{""number"":11,""copying"":false,""score"":1,""info_chosen"":""NA"",""round"":1,""human"":true}",,,,,FALSE,,"{}","lotty_info",5,1,"62g"
95,"2019-03-25 14:08:22.258949","{""number"":11,""copying"":false,""score"":0,""info_chosen"":""NA"",""round"":1,""human"":true}",,,,,FALSE,,"{}","lotty_info",3,1,"162g"
96,"2019-03-25 14:08:22.314807",,,,,,FALSE,,"{}","info",1,1,"{""question"": ""A Rubiks cube weighs?"", ""number"": 12, ""round"": 1, ""topic"": ""Weight"", ""Wwer"": ""1.4kg"", ""Rwer"": ""0.14kg"", ""pic"": true}"
97,"2019-03-25 14:08:24.703223","{""number"":12,""copying"":false,""score"":0,""info_chosen"":""NA"",""round"":1,""human"":true}",,,,,TRUE,"2019-03-25 14:08:27.748391","{}","lotty_info",4,1,"Ask Someone Else"
98,"2019-03-25 14:08:26.613206","{""number"":12,""copying"":false,""score"":1,""info_chosen"":""NA"",""round"":1,""human"":true}",,,,,FALSE,,"{}","lotty_info",5,1,"0.14kg"
99,"2019-03-25 14:08:27.704106","{""number"":12,""copying"":false,""score"":0,""info_chosen"":""NA"",""round"":1,""human"":true}",,,,,FALSE,,"{}","lotty_info",3,1,"1.4kg"
100,"2019-03-25 14:08:27.765255",,,,,,FALSE,,"{}","info",1,1,"Good Luck"
101,"2019-03-25 14:08:29.470574","{""number"":12,""copying"":true,""score"":0,""info_chosen"":""Player ID"",""round"":1,""human"":true}",,,,,TRUE,"2019-03-25 14:08:29.503764","{}","lotty_info",4,1,"5"
102,"2019-03-25 14:08:29.52558","{""number"": 12, ""copying"": true, ""score"": 1, ""info_chosen"": ""Player ID"", ""round"": 1, ""human"": true}",,,,,FALSE,,"{}","lotty_info",4,1,"0.14kg"
103,"2019-03-25 14:08:29.579412",,,,,,FALSE,,"{}","info",1,1,"{""question"": ""A blue whale weighs?"", ""number"": 13, ""round"": 1, ""topic"": ""Weight"", ""Wwer"": ""1,400kg"", ""Rwer"": ""140,000kg"", ""pic"": false}"
104,"2019-03-25 14:08:30.641618","{""number"":4,""copying"":false,""score"":1,""info_chosen"":""NA"",""round"":1,""human"":true}",,,,,FALSE,,"{}","lotty_info",7,2,"The South Atlantic Ocean"
105,"2019-03-25 14:08:32.003957","{""number"":4,""copying"":false,""score"":0,""info_chosen"":""NA"",""round"":1,""human"":true}",,,,,FALSE,,"{}","lotty_info",6,2,"The Indian Ocean"
106,"2019-03-25 14:08:33.140137","{""number"":4,""copying"":false,""score"":1,""info_chosen"":""NA"",""round"":1,""human"":true}",,,,,FALSE,,"{}","lotty_info",8,2,"The South Atlantic Ocean"
107,"2019-03-25 14:08:33.193635",,,,,,FALSE,,"{}","info",2,2,"{""question"": ""Which country shares a border with El Salvador?"", ""number"": 5, ""round"": 1, ""topic"": ""Georgraphy"", ""Wwer"": ""Paraguay"", ""Rwer"": ""Honduras"", ""pic"": false}"
108,"2019-03-25 14:08:34.929127","{""number"":13,""copying"":false,""score"":1,""info_chosen"":""NA"",""round"":1,""human"":true}",,,,,FALSE,,"{}","lotty_info",4,1,"140,000kg"
109,"2019-03-25 14:08:35.63699","{""number"":13,""copying"":false,""score"":0,""info_chosen"":""NA"",""round"":1,""human"":true}",,,,,FALSE,,"{}","lotty_info",3,1,"1,400kg"
110,"2019-03-25 14:08:36.616054","{""number"":13,""copying"":false,""score"":0,""info_chosen"":""NA"",""round"":1,""human"":true}",,,,,FALSE,,"{}","lotty_info",5,1,"1,400kg"
111,"2019-03-25 14:08:36.668872",,,,,,FALSE,,"{}","info",1,1,"{""question"": ""A tennis ball weighs?"", ""number"": 14, ""round"": 1, ""topic"": ""Weight"", ""Wwer"": ""5.85g"", ""Rwer"": ""58.5g"", ""pic"": false}"
112,"2019-03-25 14:08:38.945327","{""number"":14,""copying"":false,""score"":0,""info_chosen"":""NA"",""round"":1,""human"":true}",,,,,FALSE,,"{}","lotty_info",4,1,"5.85g"
113,"2019-03-25 14:08:39.754927","{""number"":14,""copying"":false,""score"":1,""info_chosen"":""NA"",""round"":1,""human"":true}",,,,,FALSE,,"{}","lotty_info",5,1,"58.5g"
114,"2019-03-25 14:08:40.981332","{""number"":14,""copying"":false,""score"":0,""info_chosen"":""NA"",""round"":1,""human"":true}",,,,,FALSE,,"{}","lotty_info",3,1,"5.85g"
115,"2019-03-25 14:08:41.03663",,,,,,FALSE,,"{}","info",1,1,"{""question"": ""Which weighs more, on average?"", ""number"": 15, ""round"": 1, ""topic"": ""Weight"", ""Wwer"": ""A wood pigeon"", ""Rwer"": ""A seagull"", ""pic"": false}"
116,"2019-03-25 14:08:43.445479","{""number"":15,""copying"":false,""score"":0,""info_chosen"":""NA"",""round"":1,""human"":true}",,,,,FALSE,,"{}","lotty_info",4,1,"A wood pigeon"
117,"2019-03-25 14:08:44.423478","{""number"":15,""copying"":false,""score"":0,""info_chosen"":""NA"",""round"":1,""human"":true}",,,,,FALSE,,"{}","lotty_info",5,1,"A wood pigeon"
118,"2019-03-25 14:08:45.594774","{""number"":15,""copying"":false,""score"":0,""info_chosen"":""NA"",""round"":1,""human"":true}",,,,,FALSE,,"{}","lotty_info",3,1,"A wood pigeon"
119,"2019-03-25 14:08:45.648741",,,,,,FALSE,,"{}","info",1,1,"{""question"": ""A Boeing 747 (on take-off) weighs?"", ""number"": 16, ""round"": 1, ""topic"": ""Weight"", ""Wwer"": ""40,000kg"", ""Rwer"": ""400,000kg"", ""pic"": false}"
120,"2019-03-25 14:08:48.292149","{""number"":16,""copying"":false,""score"":0,""info_chosen"":""NA"",""round"":1,""human"":true}",,,,,FALSE,,"{}","lotty_info",5,1,"40,000kg"
121,"2019-03-25 14:08:48.8685","{""number"":5,""copying"":false,""score"":0,""info_chosen"":""NA"",""round"":1,""human"":false}",,,,,FALSE,,"{}","lotty_info",7,2,"Paraguay"
122,"2019-03-25 14:08:49.194414","{""number"":5,""copying"":false,""score"":0,""info_chosen"":""NA"",""round"":1,""human"":false}",,,,,FALSE,,"{}","lotty_info",6,2,"Paraguay"
123,"2019-03-25 14:08:49.322614","{""number"":5,""copying"":false,""score"":0,""info_chosen"":""NA"",""round"":1,""human"":false}",,,,,FALSE,,"{}","lotty_info",8,2,"Paraguay"
124,"2019-03-25 14:08:49.380001",,,,,,FALSE,,"{}","info",2,2,"{""question"": ""The capital of the Philippines is?"", ""number"": 6, ""round"": 1, ""topic"": ""Georgraphy"", ""Wwer"": ""Davao"", ""Rwer"": ""Manila"", ""pic"": false}"
125,"2019-03-25 14:08:50.949925","{""number"":16,""copying"":false,""score"":1,""info_chosen"":""NA"",""round"":1,""human"":true}",,,,,FALSE,,"{}","lotty_info",3,1,"400,000kg"
126,"2019-03-25 14:08:52.11815","{""number"":16,""copying"":false,""score"":0,""info_chosen"":""NA"",""round"":1,""human"":true}",,,,,FALSE,,"{}","lotty_info",4,1,"40,000kg"
127,"2019-03-25 14:08:52.171664",,,,,,FALSE,,"{}","info",1,1,"{""question"": ""A skateboard weighs?"", ""number"": 17, ""round"": 1, ""topic"": ""Weight"", ""Wwer"": ""34kg"", ""Rwer"": ""3.4kg"", ""pic"": false}"
128,"2019-03-25 14:08:54.411957","{""number"":17,""copying"":false,""score"":0,""info_chosen"":""NA"",""round"":1,""human"":true}",,,,,FALSE,,"{}","lotty_info",4,1,"34kg"
129,"2019-03-25 14:08:55.527734","{""number"":17,""copying"":false,""score"":1,""info_chosen"":""NA"",""round"":1,""human"":true}",,,,,FALSE,,"{}","lotty_info",3,1,"3.4kg"
130,"2019-03-25 14:08:56.730795","{""number"":17,""copying"":false,""score"":0,""info_chosen"":""NA"",""round"":1,""human"":true}",,,,,FALSE,,"{}","lotty_info",5,1,"34kg"
131,"2019-03-25 14:08:56.785555",,,,,,FALSE,,"{}","info",1,1,"{""question"": ""A newborn baby weighs?"", ""number"": 18, ""round"": 1, ""topic"": ""Weight"", ""Wwer"": ""34kg"", ""Rwer"": ""3.5kg"", ""pic"": false}"
132,"2019-03-25 14:08:59.498485","{""number"":18,""copying"":false,""score"":1,""info_chosen"":""NA"",""round"":1,""human"":true}",,,,,FALSE,,"{}","lotty_info",4,1,"3.5kg"
133,"2019-03-25 14:09:02.133377","{""number"":18,""copying"":false,""score"":1,""info_chosen"":""NA"",""round"":1,""human"":true}",,,,,FALSE,,"{}","lotty_info",5,1,"3.5kg"
134,"2019-03-25 14:09:03.908847","{""number"":18,""copying"":false,""score"":0,""info_chosen"":""NA"",""round"":1,""human"":true}",,,,,FALSE,,"{}","lotty_info",3,1,"34kg"
135,"2019-03-25 14:09:03.96519",,,,,,FALSE,,"{}","info",1,1,"{""question"": ""A female giraffe weighs?"", ""number"": 19, ""round"": 1, ""topic"": ""Weight"", ""Wwer"": ""83kg"", ""Rwer"": ""830kg"", ""pic"": false}"
136,"2019-03-25 14:09:05.037865","{""number"":6,""copying"":false,""score"":0,""info_chosen"":""NA"",""round"":1,""human"":false}",,,,,FALSE,,"{}","lotty_info",7,2,"Davao"
137,"2019-03-25 14:09:05.354535","{""number"":6,""copying"":false,""score"":0,""info_chosen"":""NA"",""round"":1,""human"":false}",,,,,FALSE,,"{}","lotty_info",6,2,"Davao"
138,"2019-03-25 14:09:05.546351","{""number"":6,""copying"":false,""score"":0,""info_chosen"":""NA"",""round"":1,""human"":false}",,,,,FALSE,,"{}","lotty_info",8,2,"Davao"
139,"2019-03-25 14:09:05.599207",,,,,,FALSE,,"{}","info",2,2,"{""question"": ""Which is closest to Finland?"", ""number"": 7, ""round"": 1, ""topic"": ""Georgraphy"", ""Wwer"": ""Moscow"", ""Rwer"": ""St Petersburg"", ""pic"": false}"
140,"2019-03-25 14:09:06.788828","{""number"":19,""copying"":false,""score"":0,""info_chosen"":""NA"",""round"":1,""human"":true}",,,,,TRUE,"2019-03-25 14:09:11.10007","{}","lotty_info",3,1,"Ask Someone Else"
141,"2019-03-25 14:09:08.217727","{""number"":19,""copying"":false,""score"":0,""info_chosen"":""NA"",""round"":1,""human"":true}",,,,,TRUE,"2019-03-25 14:09:11.104468","{}","lotty_info",4,1,"Ask Someone Else"
142,"2019-03-25 14:09:11.053059","{""number"":19,""copying"":false,""score"":1,""info_chosen"":""NA"",""round"":1,""human"":true}",,,,,FALSE,,"{}","lotty_info",5,1,"830kg"
143,"2019-03-25 14:09:11.117842",,,,,,FALSE,,"{}","info",1,1,"Good Luck"
144,"2019-03-25 14:09:13.200234","{""number"":19,""copying"":true,""score"":0,""info_chosen"":""Player ID"",""round"":1,""human"":true}",,,,,TRUE,"2019-03-25 14:09:13.234957","{}","lotty_info",4,1,"5"
145,"2019-03-25 14:09:13.25488","{""number"": 19, ""copying"": true, ""score"": 1, ""info_chosen"": ""Player ID"", ""round"": 1, ""human"": true}",,,,,FALSE,,"{}","lotty_info",4,1,"830kg"
146,"2019-03-25 14:09:14.923841","{""number"":19,""copying"":true,""score"":0,""info_chosen"":""Player ID"",""round"":1,""human"":true}",,,,,TRUE,"2019-03-25 14:09:14.958268","{}","lotty_info",3,1,"5"
147,"2019-03-25 14:09:14.978526","{""number"": 19, ""copying"": true, ""score"": 1, ""info_chosen"": ""Player ID"", ""round"": 1, ""human"": true}",,,,,FALSE,,"{}","lotty_info",3,1,"830kg"
148,"2019-03-25 14:09:15.029149",,,,,,FALSE,,"{}","info",1,1,"{""question"": ""Which weighs more?"", ""number"": 20, ""round"": 1, ""topic"": ""Weight"", ""Wwer"": ""The London Eye"", ""Rwer"": ""The Eiffel Tower"", ""pic"": false}"
149,"2019-03-25 14:09:16.071209","{""number"":7,""copying"":false,""score"":1,""info_chosen"":""NA"",""round"":1,""human"":true}",,,,,FALSE,,"{}","lotty_info",7,2,"St Petersburg"
150,"2019-03-25 14:09:16.903793","{""number"":7,""copying"":false,""score"":1,""info_chosen"":""NA"",""round"":1,""human"":true}",,,,,FALSE,,"{}","lotty_info",8,2,"St Petersburg"
151,"2019-03-25 14:09:18.364877","{""number"":7,""copying"":false,""score"":0,""info_chosen"":""NA"",""round"":1,""human"":true}",,,,,FALSE,,"{}","lotty_info",6,2,"Moscow"
152,"2019-03-25 14:09:18.421935",,,,,,FALSE,,"{}","info",2,2,"{""question"": ""Which is the largest of The Canary Islands?"", ""number"": 8, ""round"": 1, ""topic"": ""Georgraphy"", ""Wwer"": ""Gran Canaria"", ""Rwer"": ""Tenerife"", ""pic"": false}"
153,"2019-03-25 14:09:20.697592","{""number"":20,""copying"":false,""score"":0,""info_chosen"":""NA"",""round"":1,""human"":true}",,,,,FALSE,,"{}","lotty_info",5,1,"The London Eye"
154,"2019-03-25 14:09:21.908038","{""number"":20,""copying"":false,""score"":1,""info_chosen"":""NA"",""round"":1,""human"":true}",,,,,FALSE,,"{}","lotty_info",4,1,"The Eiffel Tower"
155,"2019-03-25 14:09:23.289549","{""number"":20,""copying"":false,""score"":0,""info_chosen"":""NA"",""round"":1,""human"":true}",,,,,FALSE,,"{}","lotty_info",3,1,"The London Eye"
156,"2019-03-25 14:09:23.346598",,,,,,FALSE,,"{}","info",1,1,"{""question"": ""\""Cal\"" means \""horse\"" in which language?"", ""number"": 21, ""round"": 1, ""topic"": ""Language"", ""Wwer"": ""Hungarian"", ""Rwer"": ""Romanian"", ""pic"": false}"
157,"2019-03-25 14:09:26.385971","{""number"":8,""copying"":false,""score"":0,""info_chosen"":""NA"",""round"":1,""human"":true}",,,,,FALSE,,"{}","lotty_info",8,2,"Gran Canaria"
158,"2019-03-25 14:09:27.399365","{""number"":8,""copying"":false,""score"":1,""info_chosen"":""NA"",""round"":1,""human"":true}",,,,,FALSE,,"{}","lotty_info",6,2,"Tenerife"
159,"2019-03-25 14:09:28.420369","{""number"":8,""copying"":false,""score"":1,""info_chosen"":""NA"",""round"":1,""human"":true}",,,,,FALSE,,"{}","lotty_info",7,2,"Tenerife"
160,"2019-03-25 14:09:28.482723",,,,,,FALSE,,"{}","info",2,2,"{""question"": ""Oklahoma state shares a border with?"", ""number"": 9, ""round"": 1, ""topic"": ""Georgraphy"", ""Wwer"": ""Arizona"", ""Rwer"": ""New Mexico"", ""pic"": false}"
161,"2019-03-25 14:09:29.751062","{""number"":21,""copying"":false,""score"":1,""info_chosen"":""NA"",""round"":1,""human"":true}",,,,,FALSE,,"{}","lotty_info",3,1,"Romanian"
162,"2019-03-25 14:09:30.84033","{""number"":21,""copying"":false,""score"":0,""info_chosen"":""NA"",""round"":1,""human"":true}",,,,,FALSE,,"{}","lotty_info",5,1,"Hungarian"
163,"2019-03-25 14:09:32.573898","{""number"":21,""copying"":false,""score"":0,""info_chosen"":""NA"",""round"":1,""human"":true}",,,,,FALSE,,"{}","lotty_info",4,1,"Hungarian"
164,"2019-03-25 14:09:32.632891",,,,,,FALSE,,"{}","info",1,1,"{""question"": ""\""Kieselstein\"" means \""pebbles\"" in which language?"", ""number"": 22, ""round"": 1, ""topic"": ""Language"", ""Wwer"": ""Russian"", ""Rwer"": ""German"", ""pic"": false}"
165,"2019-03-25 14:09:35.26192","{""number"":22,""copying"":false,""score"":0,""info_chosen"":""NA"",""round"":1,""human"":true}",,,,,FALSE,,"{}","lotty_info",4,1,"Russian"
166,"2019-03-25 14:09:36.216368","{""number"":22,""copying"":false,""score"":0,""info_chosen"":""NA"",""round"":1,""human"":true}",,,,,FALSE,,"{}","lotty_info",5,1,"Russian"
167,"2019-03-25 14:09:37.32167","{""number"":22,""copying"":false,""score"":0,""info_chosen"":""NA"",""round"":1,""human"":true}",,,,,FALSE,,"{}","lotty_info",3,1,"Russian"
168,"2019-03-25 14:09:37.387674",,,,,,FALSE,,"{}","info",1,1,"{""question"": ""\""Gobierno\"" means \""government\"" in which language?"", ""number"": 23, ""round"": 1, ""topic"": ""Language"", ""Wwer"": ""Portugese"", ""Rwer"": ""Spanish"", ""pic"": false}"
169,"2019-03-25 14:09:39.257879","{""number"":9,""copying"":false,""score"":1,""info_chosen"":""NA"",""round"":1,""human"":true}",,,,,FALSE,,"{}","lotty_info",7,2,"New Mexico"
170,"2019-03-25 14:09:40.493405","{""number"":9,""copying"":false,""score"":0,""info_chosen"":""NA"",""round"":1,""human"":true}",,,,,FALSE,,"{}","lotty_info",6,2,"Arizona"
171,"2019-03-25 14:09:41.809343","{""number"":9,""copying"":false,""score"":1,""info_chosen"":""NA"",""round"":1,""human"":true}",,,,,FALSE,,"{}","lotty_info",8,2,"New Mexico"
172,"2019-03-25 14:09:41.865367",,,,,,FALSE,,"{}","info",2,2,"{""question"": ""Amsterdam is nearer to?"", ""number"": 10, ""round"": 1, ""topic"": ""Georgraphy"", ""Wwer"": ""Antwerp"", ""Rwer"": ""Rotterdam"", ""pic"": false}"
173,"2019-03-25 14:09:43.523562","{""number"":10,""copying"":false,""score"":1,""info_chosen"":""NA"",""round"":1,""human"":true}",,,,,FALSE,,"{}","lotty_info",8,2,"Rotterdam"
174,"2019-03-25 14:09:45.52021","{""number"":10,""copying"":false,""score"":0,""info_chosen"":""NA"",""round"":1,""human"":true}",,,,,FALSE,,"{}","lotty_info",6,2,"Antwerp"
175,"2019-03-25 14:09:46.547189","{""number"":10,""copying"":false,""score"":1,""info_chosen"":""NA"",""round"":1,""human"":true}",,,,,FALSE,,"{}","lotty_info",7,2,"Rotterdam"
176,"2019-03-25 14:09:46.604047",,,,,,FALSE,,"{}","info",2,2,"{""question"": ""A pot of nail varnish weighs?"", ""number"": 11, ""round"": 1, ""topic"": ""Weight estimation"", ""Wwer"": ""162g"", ""Rwer"": ""62g"", ""pic"": true}"
177,"2019-03-25 14:09:47.909358","{""number"":23,""copying"":false,""score"":0,""info_chosen"":""NA"",""round"":1,""human"":true}",,,,,FALSE,,"{}","lotty_info",3,1,"Portugese"
178,"2019-03-25 14:09:49.134728","{""number"":23,""copying"":false,""score"":1,""info_chosen"":""NA"",""round"":1,""human"":true}",,,,,FALSE,,"{}","lotty_info",5,1,"Spanish"
179,"2019-03-25 14:09:50.688035","{""number"":23,""copying"":false,""score"":0,""info_chosen"":""NA"",""round"":1,""human"":true}",,,,,FALSE,,"{}","lotty_info",4,1,"Portugese"
180,"2019-03-25 14:09:50.744966",,,,,,FALSE,,"{}","info",1,1,"{""question"": ""\""Verre\"" means \""glass\"" in which language?"", ""number"": 24, ""round"": 1, ""topic"": ""Language"", ""Wwer"": ""Italian"", ""Rwer"": ""French"", ""pic"": false}"
181,"2019-03-25 14:09:52.654359","{""number"":24,""copying"":false,""score"":1,""info_chosen"":""NA"",""round"":1,""human"":true}",,,,,FALSE,,"{}","lotty_info",4,1,"French"
182,"2019-03-25 14:09:53.645818","{""number"":24,""copying"":false,""score"":1,""info_chosen"":""NA"",""round"":1,""human"":true}",,,,,FALSE,,"{}","lotty_info",5,1,"French"
183,"2019-03-25 14:09:54.800598","{""number"":24,""copying"":false,""score"":0,""info_chosen"":""NA"",""round"":1,""human"":true}",,,,,FALSE,,"{}","lotty_info",3,1,"Italian"
184,"2019-03-25 14:09:54.858203",,,,,,FALSE,,"{}","info",1,1,"{""question"": ""\""Bere\"" means \""drink\"" in which language?"", ""number"": 25, ""round"": 1, ""topic"": ""Language"", ""Wwer"": ""German"", ""Rwer"": ""Italian"", ""pic"": false}"
185,"2019-03-25 14:09:57.223314","{""number"":25,""copying"":false,""score"":0,""info_chosen"":""NA"",""round"":1,""human"":true}",,,,,FALSE,,"{}","lotty_info",5,1,"German"
186,"2019-03-25 14:09:58.638128","{""number"":25,""copying"":false,""score"":1,""info_chosen"":""NA"",""round"":1,""human"":true}",,,,,FALSE,,"{}","lotty_info",4,1,"Italian"
187,"2019-03-25 14:09:59.936174","{""number"":25,""copying"":false,""score"":0,""info_chosen"":""NA"",""round"":1,""human"":true}",,,,,FALSE,,"{}","lotty_info",3,1,"German"
188,"2019-03-25 14:09:59.993517",,,,,,FALSE,,"{}","info",1,1,"{""question"": ""\""Kabaha\"" means \""shoes\"" in which language?"", ""number"": 26, ""round"": 1, ""topic"": ""Language"", ""Wwer"": ""Swahili"", ""Rwer"": ""Somali"", ""pic"": false}"
189,"2019-03-25 14:10:01.747934","{""number"":11,""copying"":false,""score"":0,""info_chosen"":""NA"",""round"":1,""human"":false}",,,,,FALSE,,"{}","lotty_info",8,2,"162g"
190,"2019-03-25 14:10:02.005557","{""number"":26,""copying"":false,""score"":1,""info_chosen"":""NA"",""round"":1,""human"":true}",,,,,FALSE,,"{}","lotty_info",5,1,"Somali"
191,"2019-03-25 14:10:02.720089","{""number"":11,""copying"":false,""score"":0,""info_chosen"":""NA"",""round"":1,""human"":false}",,,,,FALSE,,"{}","lotty_info",6,2,"162g"
192,"2019-03-25 14:10:02.741158","{""number"":11,""copying"":false,""score"":0,""info_chosen"":""NA"",""round"":1,""human"":false}",,,,,FALSE,,"{}","lotty_info",7,2,"162g"
193,"2019-03-25 14:10:02.796672",,,,,,FALSE,,"{}","info",2,2,"{""question"": ""A Rubiks cube weighs?"", ""number"": 12, ""round"": 1, ""topic"": ""Weight"", ""Wwer"": ""1.4kg"", ""Rwer"": ""0.14kg"", ""pic"": true}"
194,"2019-03-25 14:10:03.422671","{""number"":26,""copying"":false,""score"":0,""info_chosen"":""NA"",""round"":1,""human"":true}",,,,,FALSE,,"{}","lotty_info",4,1,"Swahili"
195,"2019-03-25 14:10:04.570817","{""number"":26,""copying"":false,""score"":0,""info_chosen"":""NA"",""round"":1,""human"":true}",,,,,FALSE,,"{}","lotty_info",3,1,"Swahili"
196,"2019-03-25 14:10:04.629552",,,,,,FALSE,,"{}","info",1,1,"{""question"": ""\""Bocadillo\"" means \""snack\"" in which language?"", ""number"": 27, ""round"": 1, ""topic"": ""Language"", ""Wwer"": ""French"", ""Rwer"": ""Spanish"", ""pic"": false}"
197,"2019-03-25 14:10:08.330969","{""number"":12,""copying"":false,""score"":0,""info_chosen"":""NA"",""round"":1,""human"":true}",,,,,FALSE,,"{}","lotty_info",7,2,"1.4kg"
198,"2019-03-25 14:10:10.017437","{""number"":12,""copying"":false,""score"":0,""info_chosen"":""NA"",""round"":1,""human"":true}",,,,,FALSE,,"{}","lotty_info",6,2,"1.4kg"
199,"2019-03-25 14:10:11.88368","{""number"":12,""copying"":false,""score"":1,""info_chosen"":""NA"",""round"":1,""human"":true}",,,,,FALSE,,"{}","lotty_info",8,2,"0.14kg"
200,"2019-03-25 14:10:11.939471",,,,,,FALSE,,"{}","info",2,2,"{""question"": ""A blue whale weighs?"", ""number"": 13, ""round"": 1, ""topic"": ""Weight"", ""Wwer"": ""1,400kg"", ""Rwer"": ""140,000kg"", ""pic"": false}"
201,"2019-03-25 14:10:13.997265","{""number"":27,""copying"":false,""score"":0,""info_chosen"":""NA"",""round"":1,""human"":true}",,,,,FALSE,,"{}","lotty_info",4,1,"French"
202,"2019-03-25 14:10:16.360479","{""number"":27,""copying"":false,""score"":1,""info_chosen"":""NA"",""round"":1,""human"":true}",,,,,FALSE,,"{}","lotty_info",3,1,"Spanish"
203,"2019-03-25 14:10:17.530145","{""number"":27,""copying"":false,""score"":0,""info_chosen"":""NA"",""round"":1,""human"":true}",,,,,FALSE,,"{}","lotty_info",5,1,"French"
204,"2019-03-25 14:10:17.587678",,,,,,FALSE,,"{}","info",1,1,"{""question"": ""\""Rzeka\"" means \""river\"" in which language?"", ""number"": 28, ""round"": 1, ""topic"": ""Language"", ""Wwer"": ""Latvian"", ""Rwer"": ""Polish"", ""pic"": false}"
205,"2019-03-25 14:10:19.756541","{""number"":28,""copying"":false,""score"":0,""info_chosen"":""NA"",""round"":1,""human"":true}",,,,,FALSE,,"{}","lotty_info",5,1,"Latvian"
206,"2019-03-25 14:10:21.916111","{""number"":28,""copying"":false,""score"":1,""info_chosen"":""NA"",""round"":1,""human"":true}",,,,,FALSE,,"{}","lotty_info",4,1,"Polish"
207,"2019-03-25 14:10:24.910981","{""number"":28,""copying"":false,""score"":1,""info_chosen"":""NA"",""round"":1,""human"":true}",,,,,FALSE,,"{}","lotty_info",3,1,"Polish"
208,"2019-03-25 14:10:24.972543",,,,,,FALSE,,"{}","info",1,1,"{""question"": ""The above means \""fire\"" in which language?"", ""number"": 29, ""round"": 1, ""topic"": ""Language"", ""Wwer"": ""Bulgarian"", ""Rwer"": ""Russian"", ""pic"": true}"
209,"2019-03-25 14:10:26.081743","{""number"":13,""copying"":false,""score"":1,""info_chosen"":""NA"",""round"":1,""human"":true}",,,,,FALSE,,"{}","lotty_info",7,2,"140,000kg"
210,"2019-03-25 14:10:27.197135","{""number"":13,""copying"":false,""score"":0,""info_chosen"":""NA"",""round"":1,""human"":false}",,,,,FALSE,,"{}","lotty_info",6,2,"1,400kg"
211,"2019-03-25 14:10:28.075348","{""number"":13,""copying"":false,""score"":0,""info_chosen"":""NA"",""round"":1,""human"":false}",,,,,FALSE,,"{}","lotty_info",8,2,"1,400kg"
212,"2019-03-25 14:10:28.144123",,,,,,FALSE,,"{}","info",2,2,"{""question"": ""A tennis ball weighs?"", ""number"": 14, ""round"": 1, ""topic"": ""Weight"", ""Wwer"": ""5.85g"", ""Rwer"": ""58.5g"", ""pic"": false}"
213,"2019-03-25 14:10:30.443863","{""number"":14,""copying"":false,""score"":0,""info_chosen"":""NA"",""round"":1,""human"":true}",,,,,TRUE,"2019-03-25 14:10:35.958429","{}","lotty_info",8,2,"Ask Someone Else"
214,"2019-03-25 14:10:33.574406","{""number"":14,""copying"":false,""score"":1,""info_chosen"":""NA"",""round"":1,""human"":true}",,,,,FALSE,,"{}","lotty_info",7,2,"58.5g"
215,"2019-03-25 14:10:35.914101","{""number"":14,""copying"":false,""score"":0,""info_chosen"":""NA"",""round"":1,""human"":true}",,,,,FALSE,,"{}","lotty_info",6,2,"5.85g"
216,"2019-03-25 14:10:35.976738",,,,,,FALSE,,"{}","info",2,2,"Good Luck"
217,"2019-03-25 14:10:38.041765","{""number"":29,""copying"":false,""score"":1,""info_chosen"":""NA"",""round"":1,""human"":true}",,,,,FALSE,,"{}","lotty_info",5,1,"Russian"
218,"2019-03-25 14:10:40.143181","{""number"":29,""copying"":false,""score"":0,""info_chosen"":""NA"",""round"":1,""human"":false}",,,,,FALSE,,"{}","lotty_info",4,1,"Bulgarian"
219,"2019-03-25 14:10:41.105635","{""number"":29,""copying"":false,""score"":0,""info_chosen"":""NA"",""round"":1,""human"":false}",,,,,FALSE,,"{}","lotty_info",3,1,"Bulgarian"
220,"2019-03-25 14:10:41.18167",,,,,,FALSE,,"{}","info",1,1,"{""question"": ""The above means \""soul\"" in which language?"", ""number"": 30, ""round"": 1, ""topic"": ""Language"", ""Wwer"": ""Armenian"", ""Rwer"": ""Arabic"", ""pic"": true}"
221,"2019-03-25 14:10:43.846377","{""number"":30,""copying"":false,""score"":0,""info_chosen"":""NA"",""round"":1,""human"":true}",,,,,FALSE,,"{}","lotty_info",3,1,"Armenian"
222,"2019-03-25 14:10:45.474273","{""number"":30,""copying"":false,""score"":1,""info_chosen"":""NA"",""round"":1,""human"":true}",,,,,FALSE,,"{}","lotty_info",4,1,"Arabic"
223,"2019-03-25 14:10:47.003762","{""number"":30,""copying"":false,""score"":1,""info_chosen"":""NA"",""round"":1,""human"":true}",,,,,FALSE,,"{}","lotty_info",5,1,"Arabic"
224,"2019-03-25 14:10:47.083839",,,,,,FALSE,,"{}","info",1,1,"{""question"": ""The above is an image of a painting by which artist?"", ""number"": 31, ""round"": 1, ""topic"": ""Art"", ""Wwer"": ""Edouard Manet"", ""Rwer"": ""Claude Monet"", ""pic"": true}"
225,"2019-03-25 14:10:49.481699","{""number"":14,""copying"":true,""score"":0,""info_chosen"":""Player ID"",""round"":1,""human"":true}",,,,,TRUE,"2019-03-25 14:10:49.516357","{}","lotty_info",8,2,"7"
226,"2019-03-25 14:10:49.53596","{""number"": 14, ""copying"": true, ""score"": 1, ""info_chosen"": ""Player ID"", ""round"": 1, ""human"": true}",,,,,FALSE,,"{}","lotty_info",8,2,"58.5g"
227,"2019-03-25 14:10:49.583848",,,,,,FALSE,,"{}","info",2,2,"{""question"": ""Which weighs more, on average?"", ""number"": 15, ""round"": 1, ""topic"": ""Weight"", ""Wwer"": ""A wood pigeon"", ""Rwer"": ""A seagull"", ""pic"": false}"
228,"2019-03-25 14:10:52.540339","{""number"":31,""copying"":false,""score"":1,""info_chosen"":""NA"",""round"":1,""human"":true}",,,,,FALSE,,"{}","lotty_info",5,1,"Claude Monet"
229,"2019-03-25 14:10:53.429883","{""number"":31,""copying"":false,""score"":0,""info_chosen"":""NA"",""round"":1,""human"":true}",,,,,FALSE,,"{}","lotty_info",4,1,"Edouard Manet"
230,"2019-03-25 14:10:54.249842","{""number"":31,""copying"":false,""score"":0,""info_chosen"":""NA"",""round"":1,""human"":true}",,,,,FALSE,,"{}","lotty_info",3,1,"Edouard Manet"
231,"2019-03-25 14:10:54.310751",,,,,,FALSE,,"{}","info",1,1,"{""question"": ""The above is an image of a painting by which artist?"", ""number"": 32, ""round"": 1, ""topic"": ""Art"", ""Wwer"": ""Rudolf Hausner"", ""Rwer"": ""Gustav Klimt"", ""pic"": true}"
232,"2019-03-25 14:10:56.703058","{""number"":32,""copying"":false,""score"":0,""info_chosen"":""NA"",""round"":1,""human"":true}",,,,,FALSE,,"{}","lotty_info",4,1,"Rudolf Hausner"
233,"2019-03-25 14:10:58.154139","{""number"":32,""copying"":false,""score"":0,""info_chosen"":""NA"",""round"":1,""human"":true}",,,,,FALSE,,"{}","lotty_info",3,1,"Rudolf Hausner"
234,"2019-03-25 14:10:59.582847","{""number"":32,""copying"":false,""score"":1,""info_chosen"":""NA"",""round"":1,""human"":true}",,,,,FALSE,,"{}","lotty_info",5,1,"Gustav Klimt"
235,"2019-03-25 14:10:59.641658",,,,,,FALSE,,"{}","info",1,1,"{""question"": ""Edouard Manet died in"", ""number"": 33, ""round"": 1, ""topic"": ""Art"", ""Wwer"": ""1663"", ""Rwer"": ""1883"", ""pic"": false}"
236,"2019-03-25 14:11:02.250323","{""number"":33,""copying"":false,""score"":1,""info_chosen"":""NA"",""round"":1,""human"":true}",,,,,FALSE,,"{}","lotty_info",5,1,"1883"
237,"2019-03-25 14:11:04.066574","{""number"":33,""copying"":false,""score"":0,""info_chosen"":""NA"",""round"":1,""human"":true}",,,,,FALSE,,"{}","lotty_info",4,1,"1663"
238,"2019-03-25 14:11:05.251777","{""number"":15,""copying"":false,""score"":0,""info_chosen"":""NA"",""round"":1,""human"":false}",,,,,FALSE,,"{}","lotty_info",7,2,"A wood pigeon"
239,"2019-03-25 14:11:05.307677","{""number"":33,""copying"":false,""score"":1,""info_chosen"":""NA"",""round"":1,""human"":true}",,,,,FALSE,,"{}","lotty_info",3,1,"1883"
240,"2019-03-25 14:11:05.365694",,,,,,FALSE,,"{}","info",1,1,"{""question"": ""\""The starry night\"" is a famous painting by"", ""number"": 34, ""round"": 1, ""topic"": ""Art"", ""Wwer"": ""Jackson Pollock"", ""Rwer"": ""Vincent van Gogh"", ""pic"": false}"
241,"2019-03-25 14:11:05.500152","{""number"":15,""copying"":false,""score"":0,""info_chosen"":""NA"",""round"":1,""human"":false}",,,,,FALSE,,"{}","lotty_info",6,2,"A wood pigeon"
242,"2019-03-25 14:11:05.717825","{""number"":15,""copying"":false,""score"":0,""info_chosen"":""NA"",""round"":1,""human"":false}",,,,,FALSE,,"{}","lotty_info",8,2,"A wood pigeon"
243,"2019-03-25 14:11:05.769484",,,,,,FALSE,,"{}","info",2,2,"{""question"": ""A Boeing 747 (on take-off) weighs?"", ""number"": 16, ""round"": 1, ""topic"": ""Weight"", ""Wwer"": ""40,000kg"", ""Rwer"": ""400,000kg"", ""pic"": false}"
244,"2019-03-25 14:11:09.201638","{""number"":34,""copying"":false,""score"":0,""info_chosen"":""NA"",""round"":1,""human"":true}",,,,,FALSE,,"{}","lotty_info",5,1,"Jackson Pollock"
245,"2019-03-25 14:11:10.776726","{""number"":34,""copying"":false,""score"":1,""info_chosen"":""NA"",""round"":1,""human"":true}",,,,,FALSE,,"{}","lotty_info",4,1,"Vincent van Gogh"
246,"2019-03-25 14:11:12.644977","{""number"":34,""copying"":false,""score"":1,""info_chosen"":""NA"",""round"":1,""human"":true}",,,,,FALSE,,"{}","lotty_info",3,1,"Vincent van Gogh"
247,"2019-03-25 14:11:12.703164",,,,,,FALSE,,"{}","info",1,1,"{""question"": ""\""The singing butler\"" is a painting by the Scottish painter:"", ""number"": 35, ""round"": 1, ""topic"": ""Art"", ""Wwer"": ""Andrew Geddes"", ""Rwer"": ""Jack Vettriano"", ""pic"": false}"
248,"2019-03-25 14:11:16.072237","{""number"":35,""copying"":false,""score"":0,""info_chosen"":""NA"",""round"":1,""human"":true}",,,,,FALSE,,"{}","lotty_info",5,1,"Andrew Geddes"
249,"2019-03-25 14:11:17.584283","{""number"":35,""copying"":false,""score"":0,""info_chosen"":""NA"",""round"":1,""human"":true}",,,,,FALSE,,"{}","lotty_info",4,1,"Andrew Geddes"
250,"2019-03-25 14:11:18.855502","{""number"":35,""copying"":false,""score"":0,""info_chosen"":""NA"",""round"":1,""human"":true}",,,,,FALSE,,"{}","lotty_info",3,1,"Andrew Geddes"
251,"2019-03-25 14:11:18.915408",,,,,,FALSE,,"{}","info",1,1,"{""question"": ""Antoni Gaudi was a Spanish:"", ""number"": 36, ""round"": 1, ""topic"": ""Art"", ""Wwer"": ""Poet"", ""Rwer"": ""Architect"", ""pic"": false}"
252,"2019-03-25 14:11:20.58735","{""number"":16,""copying"":false,""score"":1,""info_chosen"":""NA"",""round"":1,""human"":true}",,,,,FALSE,,"{}","lotty_info",7,2,"400,000kg"
253,"2019-03-25 14:11:21.421321","{""number"":16,""copying"":false,""score"":0,""info_chosen"":""NA"",""round"":1,""human"":true}",,,,,FALSE,,"{}","lotty_info",8,2,"40,000kg"
254,"2019-03-25 14:11:21.671586","{""number"":16,""copying"":false,""score"":0,""info_chosen"":""NA"",""round"":1,""human"":false}",,,,,FALSE,,"{}","lotty_info",6,2,"40,000kg"
255,"2019-03-25 14:11:21.72754",,,,,,FALSE,,"{}","info",2,2,"{""question"": ""A skateboard weighs?"", ""number"": 17, ""round"": 1, ""topic"": ""Weight"", ""Wwer"": ""34kg"", ""Rwer"": ""3.4kg"", ""pic"": false}"
256,"2019-03-25 14:11:24.28665","{""number"":17,""copying"":false,""score"":1,""info_chosen"":""NA"",""round"":1,""human"":true}",,,,,FALSE,,"{}","lotty_info",6,2,"3.4kg"
257,"2019-03-25 14:11:25.030687","{""number"":17,""copying"":false,""score"":0,""info_chosen"":""NA"",""round"":1,""human"":true}",,,,,FALSE,,"{}","lotty_info",7,2,"34kg"
258,"2019-03-25 14:11:26.685086","{""number"":17,""copying"":false,""score"":1,""info_chosen"":""NA"",""round"":1,""human"":true}",,,,,FALSE,,"{}","lotty_info",8,2,"3.4kg"
259,"2019-03-25 14:11:26.743706",,,,,,FALSE,,"{}","info",2,2,"{""question"": ""A newborn baby weighs?"", ""number"": 18, ""round"": 1, ""topic"": ""Weight"", ""Wwer"": ""34kg"", ""Rwer"": ""3.5kg"", ""pic"": false}"
260,"2019-03-25 14:11:28.59815","{""number"":36,""copying"":false,""score"":1,""info_chosen"":""NA"",""round"":1,""human"":true}",,,,,FALSE,,"{}","lotty_info",4,1,"Architect"
261,"2019-03-25 14:11:29.846244","{""number"":36,""copying"":false,""score"":0,""info_chosen"":""NA"",""round"":1,""human"":true}",,,,,FALSE,,"{}","lotty_info",5,1,"Poet"
262,"2019-03-25 14:11:31.12949","{""number"":36,""copying"":false,""score"":0,""info_chosen"":""NA"",""round"":1,""human"":true}",,,,,FALSE,,"{}","lotty_info",3,1,"Poet"
263,"2019-03-25 14:11:31.189169",,,,,,FALSE,,"{}","info",1,1,"{""question"": ""Auguste Rodin was a French:"", ""number"": 37, ""round"": 1, ""topic"": ""Art"", ""Wwer"": ""Architect"", ""Rwer"": ""Sculptor"", ""pic"": false}"
264,"2019-03-25 14:11:33.480361","{""number"":37,""copying"":false,""score"":1,""info_chosen"":""NA"",""round"":1,""human"":true}",,,,,FALSE,,"{}","lotty_info",5,1,"Sculptor"
265,"2019-03-25 14:11:34.920209","{""number"":37,""copying"":false,""score"":1,""info_chosen"":""NA"",""round"":1,""human"":true}",,,,,FALSE,,"{}","lotty_info",4,1,"Sculptor"
266,"2019-03-25 14:11:36.247391","{""number"":37,""copying"":false,""score"":1,""info_chosen"":""NA"",""round"":1,""human"":true}",,,,,FALSE,,"{}","lotty_info",3,1,"Sculptor"
267,"2019-03-25 14:11:36.30611",,,,,,FALSE,,"{}","info",1,1,"{""question"": ""Rembrandt was famous for which style of painting?"", ""number"": 38, ""round"": 1, ""topic"": ""Art"", ""Wwer"": ""Surrealism"", ""Rwer"": ""Baroque"", ""pic"": false}"
268,"2019-03-25 14:11:39.802371","{""number"":38,""copying"":false,""score"":1,""info_chosen"":""NA"",""round"":1,""human"":true}",,,,,FALSE,,"{}","lotty_info",5,1,"Baroque"
269,"2019-03-25 14:11:41.670751","{""number"":38,""copying"":false,""score"":0,""info_chosen"":""NA"",""round"":1,""human"":true}",,,,,FALSE,,"{}","lotty_info",4,1,"Surrealism"
270,"2019-03-25 14:11:42.235312","{""number"":18,""copying"":false,""score"":0,""info_chosen"":""NA"",""round"":1,""human"":false}",,,,,FALSE,,"{}","lotty_info",7,2,"34kg"
271,"2019-03-25 14:11:42.53059","{""number"":18,""copying"":false,""score"":0,""info_chosen"":""NA"",""round"":1,""human"":false}",,,,,FALSE,,"{}","lotty_info",6,2,"34kg"
272,"2019-03-25 14:11:42.882899","{""number"":18,""copying"":false,""score"":0,""info_chosen"":""NA"",""round"":1,""human"":false}",,,,,FALSE,,"{}","lotty_info",8,2,"34kg"
273,"2019-03-25 14:11:42.939316",,,,,,FALSE,,"{}","info",2,2,"{""question"": ""A female giraffe weighs?"", ""number"": 19, ""round"": 1, ""topic"": ""Weight"", ""Wwer"": ""83kg"", ""Rwer"": ""830kg"", ""pic"": false}"
274,"2019-03-25 14:11:43.571108","{""number"":38,""copying"":false,""score"":1,""info_chosen"":""NA"",""round"":1,""human"":true}",,,,,FALSE,,"{}","lotty_info",3,1,"Baroque"
275,"2019-03-25 14:11:43.635588",,,,,,FALSE,,"{}","info",1,1,"{""question"": ""Paul Gauguin was a famous post-impressionist artist from:"", ""number"": 39, ""round"": 1, ""topic"": ""Art"", ""Wwer"": ""Italy"", ""Rwer"": ""France"", ""pic"": false}"
276,"2019-03-25 14:11:45.853705","{""number"":39,""copying"":false,""score"":0,""info_chosen"":""NA"",""round"":1,""human"":true}",,,,,FALSE,,"{}","lotty_info",5,1,"Italy"
277,"2019-03-25 14:11:47.954885","{""number"":39,""copying"":false,""score"":0,""info_chosen"":""NA"",""round"":1,""human"":true}",,,,,FALSE,,"{}","lotty_info",4,1,"Italy"
278,"2019-03-25 14:11:49.19659","{""number"":39,""copying"":false,""score"":1,""info_chosen"":""NA"",""round"":1,""human"":true}",,,,,FALSE,,"{}","lotty_info",3,1,"France"
279,"2019-03-25 14:11:49.256106",,,,,,FALSE,,"{}","info",1,1,"{""question"": ""Edgar Degas famously painted"", ""number"": 40, ""round"": 1, ""topic"": ""Art"", ""Wwer"": ""water lilies"", ""Rwer"": ""dancers"", ""pic"": false}"
280,"2019-03-25 14:11:51.480822","{""number"":40,""copying"":false,""score"":0,""info_chosen"":""NA"",""round"":1,""human"":true}",,,,,FALSE,,"{}","lotty_info",5,1,"water lilies"
281,"2019-03-25 14:11:53.415459","{""number"":40,""copying"":false,""score"":0,""info_chosen"":""NA"",""round"":1,""human"":true}",,,,,FALSE,,"{}","lotty_info",4,1,"water lilies"
282,"2019-03-25 14:11:54.597095","{""number"":40,""copying"":false,""score"":0,""info_chosen"":""NA"",""round"":1,""human"":true}",,,,,FALSE,,"{}","lotty_info",3,1,"water lilies"
283,"2019-03-25 14:11:54.656446",,,,,,FALSE,,"{}","info",1,1,"{""question"": ""In which city is the red dot located?"", ""number"": 41, ""round"": 2, ""topic"": ""Geography"", ""Wwer"": ""Seattle"", ""Rwer"": ""Philadelphia"", ""pic"": true}"
284,"2019-03-25 14:11:58.399535","{""number"":19,""copying"":false,""score"":0,""info_chosen"":""NA"",""round"":1,""human"":false}",,,,,FALSE,,"{}","lotty_info",7,2,"83kg"
285,"2019-03-25 14:11:58.691897","{""number"":19,""copying"":false,""score"":0,""info_chosen"":""NA"",""round"":1,""human"":false}",,,,,FALSE,,"{}","lotty_info",6,2,"83kg"
286,"2019-03-25 14:11:59.081124","{""number"":19,""copying"":false,""score"":0,""info_chosen"":""NA"",""round"":1,""human"":false}",,,,,FALSE,,"{}","lotty_info",8,2,"83kg"
287,"2019-03-25 14:11:59.13357",,,,,,FALSE,,"{}","info",2,2,"{""question"": ""Which weighs more?"", ""number"": 20, ""round"": 1, ""topic"": ""Weight"", ""Wwer"": ""The London Eye"", ""Rwer"": ""The Eiffel Tower"", ""pic"": false}"
288,"2019-03-25 14:12:12.865494","{""number"":41,""copying"":false,""score"":1,""info_chosen"":""NA"",""round"":2,""human"":true}",,,,,FALSE,,"{}","lotty_info",3,1,"Philadelphia"
289,"2019-03-25 14:12:14.559646","{""number"":20,""copying"":false,""score"":0,""info_chosen"":""NA"",""round"":1,""human"":false}",,,,,FALSE,,"{}","lotty_info",7,2,"The London Eye"
290,"2019-03-25 14:12:14.766933","{""number"":41,""copying"":false,""score"":0,""info_chosen"":""NA"",""round"":2,""human"":true}",,,,,TRUE,"2019-03-25 14:12:17.164269","{}","lotty_info",5,1,"Ask Someone Else"
291,"2019-03-25 14:12:14.857672","{""number"":20,""copying"":false,""score"":0,""info_chosen"":""NA"",""round"":1,""human"":false}",,,,,FALSE,,"{}","lotty_info",6,2,"The London Eye"
292,"2019-03-25 14:12:15.256503","{""number"":20,""copying"":false,""score"":0,""info_chosen"":""NA"",""round"":1,""human"":false}",,,,,FALSE,,"{}","lotty_info",8,2,"The London Eye"
293,"2019-03-25 14:12:15.308834",,,,,,FALSE,,"{}","info",2,2,"{""question"": ""\""Cal\"" means \""horse\"" in which language?"", ""number"": 21, ""round"": 1, ""topic"": ""Language"", ""Wwer"": ""Hungarian"", ""Rwer"": ""Romanian"", ""pic"": false}"
294,"2019-03-25 14:12:17.118924","{""number"":41,""copying"":false,""score"":0,""info_chosen"":""NA"",""round"":2,""human"":true}",,,,,FALSE,,"{}","lotty_info",4,1,"Seattle"
295,"2019-03-25 14:12:17.181081",,,,,,FALSE,,"{}","info",1,1,"Good Luck"
296,"2019-03-25 14:12:21.304154","{""number"":41,""copying"":true,""score"":0,""info_chosen"":""Player ID"",""round"":2,""human"":true}",,,,,TRUE,"2019-03-25 14:12:21.334725","{}","lotty_info",5,1,"3"
297,"2019-03-25 14:12:21.356776","{""number"": 41, ""copying"": true, ""score"": 1, ""info_chosen"": ""Player ID"", ""round"": 2, ""human"": true}",,,,,FALSE,,"{}","lotty_info",5,1,"Philadelphia"
298,"2019-03-25 14:12:21.414436",,,,,,FALSE,,"{}","info",1,1,"{""question"": ""In which country is the red dot located?"", ""number"": 42, ""round"": 2, ""topic"": ""Geography"", ""Wwer"": ""Greece"", ""Rwer"": ""Bulgaria"", ""pic"": true}"
299,"2019-03-25 14:12:24.432883","{""number"":21,""copying"":false,""score"":1,""info_chosen"":""NA"",""round"":1,""human"":true}",,,,,FALSE,,"{}","lotty_info",7,2,"Romanian"
300,"2019-03-25 14:12:25.453132","{""number"":21,""copying"":false,""score"":0,""info_chosen"":""NA"",""round"":1,""human"":true}",,,,,FALSE,,"{}","lotty_info",8,2,"Hungarian"
301,"2019-03-25 14:12:26.579234","{""number"":21,""copying"":false,""score"":1,""info_chosen"":""NA"",""round"":1,""human"":true}",,,,,FALSE,,"{}","lotty_info",6,2,"Romanian"
302,"2019-03-25 14:12:26.637368",,,,,,FALSE,,"{}","info",2,2,"{""question"": ""\""Kieselstein\"" means \""pebbles\"" in which language?"", ""number"": 22, ""round"": 1, ""topic"": ""Language"", ""Wwer"": ""Russian"", ""Rwer"": ""German"", ""pic"": false}"
303,"2019-03-25 14:12:27.997457","{""number"":42,""copying"":false,""score"":0,""info_chosen"":""NA"",""round"":2,""human"":true}",,,,,FALSE,,"{}","lotty_info",5,1,"Greece"
304,"2019-03-25 14:12:29.166429","{""number"":42,""copying"":false,""score"":1,""info_chosen"":""NA"",""round"":2,""human"":true}",,,,,FALSE,,"{}","lotty_info",4,1,"Bulgaria"
305,"2019-03-25 14:12:30.461581","{""number"":42,""copying"":false,""score"":0,""info_chosen"":""NA"",""round"":2,""human"":true}",,,,,FALSE,,"{}","lotty_info",3,1,"Greece"
306,"2019-03-25 14:12:30.518511",,,,,,FALSE,,"{}","info",1,1,"{""question"": ""In which country is the red dot located?"", ""number"": 43, ""round"": 2, ""topic"": ""Geography"", ""Wwer"": ""Laos"", ""Rwer"": ""Vietnam"", ""pic"": true}"
307,"2019-03-25 14:12:34.01722","{""number"":43,""copying"":false,""score"":0,""info_chosen"":""NA"",""round"":2,""human"":true}",,,,,TRUE,"2019-03-25 14:12:37.010795","{}","lotty_info",5,1,"Ask Someone Else"
308,"2019-03-25 14:12:35.467892","{""number"":43,""copying"":false,""score"":0,""info_chosen"":""NA"",""round"":2,""human"":true}",,,,,FALSE,,"{}","lotty_info",4,1,"Laos"
309,"2019-03-25 14:12:36.961915","{""number"":43,""copying"":false,""score"":1,""info_chosen"":""NA"",""round"":2,""human"":true}",,,,,FALSE,,"{}","lotty_info",3,1,"Vietnam"
310,"2019-03-25 14:12:37.027145",,,,,,FALSE,,"{}","info",1,1,"Good Luck"
311,"2019-03-25 14:12:40.069335","{""number"":43,""copying"":true,""score"":0,""info_chosen"":""Times chosen in Round 1"",""round"":2,""human"":true}",,,,,TRUE,"2019-03-25 14:12:40.097518","{}","lotty_info",5,1,"3"
312,"2019-03-25 14:12:40.116777","{""number"": 43, ""copying"": true, ""score"": 1, ""info_chosen"": ""Times chosen in Round 1"", ""round"": 2, ""human"": true}",,,,,FALSE,,"{}","lotty_info",5,1,"Vietnam"
313,"2019-03-25 14:12:40.174517",,,,,,FALSE,,"{}","info",1,1,"{""question"": ""Which city is closer to Rome?"", ""number"": 44, ""round"": 2, ""topic"": ""Geography"", ""Wwer"": ""Florence"", ""Rwer"": ""Naples"", ""pic"": false}"
314,"2019-03-25 14:12:42.665009","{""number"":22,""copying"":false,""score"":0,""info_chosen"":""NA"",""round"":1,""human"":false}",,,,,FALSE,,"{}","lotty_info",8,2,"Russian"
315,"2019-03-25 14:12:42.665057","{""number"":22,""copying"":false,""score"":0,""info_chosen"":""NA"",""round"":1,""human"":false}",,,,,FALSE,,"{}","lotty_info",7,2,"Russian"
316,"2019-03-25 14:12:42.768359","{""number"":22,""copying"":false,""score"":0,""info_chosen"":""NA"",""round"":1,""human"":false}",,,,,FALSE,,"{}","lotty_info",6,2,"Russian"
317,"2019-03-25 14:12:42.826325",,,,,,FALSE,,"{}","info",2,2,"{""question"": ""\""Gobierno\"" means \""government\"" in which language?"", ""number"": 23, ""round"": 1, ""topic"": ""Language"", ""Wwer"": ""Portugese"", ""Rwer"": ""Spanish"", ""pic"": false}"
318,"2019-03-25 14:12:43.08529","{""number"":44,""copying"":false,""score"":0,""info_chosen"":""NA"",""round"":2,""human"":true}",,,,,FALSE,,"{}","lotty_info",4,1,"Florence"
319,"2019-03-25 14:12:44.040611","{""number"":44,""copying"":false,""score"":0,""info_chosen"":""NA"",""round"":2,""human"":true}",,,,,FALSE,,"{}","lotty_info",5,1,"Florence"
320,"2019-03-25 14:12:45.162474","{""number"":44,""copying"":false,""score"":1,""info_chosen"":""NA"",""round"":2,""human"":true}",,,,,FALSE,,"{}","lotty_info",3,1,"Naples"
321,"2019-03-25 14:12:45.219676",,,,,,FALSE,,"{}","info",1,1,"{""question"": ""Kazakhstan shares a border with?"", ""number"": 45, ""round"": 2, ""topic"": ""Geography"", ""Wwer"": ""Tajikistan"", ""Rwer"": ""Kyrgyzstan"", ""pic"": false}"
322,"2019-03-25 14:12:47.77687","{""number"":45,""copying"":false,""score"":0,""info_chosen"":""NA"",""round"":2,""human"":true}",,,,,FALSE,,"{}","lotty_info",4,1,"Tajikistan"
323,"2019-03-25 14:12:48.876862","{""number"":45,""copying"":false,""score"":1,""info_chosen"":""NA"",""round"":2,""human"":true}",,,,,FALSE,,"{}","lotty_info",5,1,"Kyrgyzstan"
324,"2019-03-25 14:12:50.319249","{""number"":45,""copying"":false,""score"":0,""info_chosen"":""NA"",""round"":2,""human"":true}",,,,,FALSE,,"{}","lotty_info",3,1,"Tajikistan"
325,"2019-03-25 14:12:50.377316",,,,,,FALSE,,"{}","info",1,1,"{""question"": ""The Virgin Islands are closer to:"", ""number"": 46, ""round"": 2, ""topic"": ""Geography"", ""Wwer"": ""The Indian Ocean"", ""Rwer"": ""The Caribbean Sea"", ""pic"": false}"
326,"2019-03-25 14:12:52.485337","{""number"":46,""copying"":false,""score"":0,""info_chosen"":""NA"",""round"":2,""human"":true}",,,,,TRUE,"2019-03-25 14:12:54.651905","{}","lotty_info",4,1,"Ask Someone Else"
327,"2019-03-25 14:12:53.466615","{""number"":46,""copying"":false,""score"":0,""info_chosen"":""NA"",""round"":2,""human"":true}",,,,,TRUE,"2019-03-25 14:12:54.647444","{}","lotty_info",3,1,"Ask Someone Else"
328,"2019-03-25 14:12:54.603957","{""number"":46,""copying"":false,""score"":1,""info_chosen"":""NA"",""round"":2,""human"":true}",,,,,FALSE,,"{}","lotty_info",5,1,"The Caribbean Sea"
329,"2019-03-25 14:12:54.665871",,,,,,FALSE,,"{}","info",1,1,"Good Luck"
330,"2019-03-25 14:12:58.486656","{""number"":46,""copying"":true,""score"":0,""info_chosen"":""Times chosen in Round 1"",""round"":2,""human"":true}",,,,,TRUE,"2019-03-25 14:12:58.51458","{}","lotty_info",4,1,"5"
331,"2019-03-25 14:12:58.532929","{""number"": 46, ""copying"": true, ""score"": 1, ""info_chosen"": ""Times chosen in Round 1"", ""round"": 2, ""human"": true}",,,,,FALSE,,"{}","lotty_info",4,1,"The Caribbean Sea"
332,"2019-03-25 14:12:58.844792","{""number"":23,""copying"":false,""score"":0,""info_chosen"":""NA"",""round"":1,""human"":false}",,,,,FALSE,,"{}","lotty_info",8,2,"Portugese"
333,"2019-03-25 14:12:58.845111","{""number"":23,""copying"":false,""score"":0,""info_chosen"":""NA"",""round"":1,""human"":false}",,,,,FALSE,,"{}","lotty_info",7,2,"Portugese"
334,"2019-03-25 14:12:58.96353","{""number"":23,""copying"":false,""score"":0,""info_chosen"":""NA"",""round"":1,""human"":false}",,,,,FALSE,,"{}","lotty_info",6,2,"Portugese"
335,"2019-03-25 14:12:59.021875",,,,,,FALSE,,"{}","info",2,2,"{""question"": ""\""Verre\"" means \""glass\"" in which language?"", ""number"": 24, ""round"": 1, ""topic"": ""Language"", ""Wwer"": ""Italian"", ""Rwer"": ""French"", ""pic"": false}"
336,"2019-03-25 14:12:59.329813","{""number"":46,""copying"":true,""score"":0,""info_chosen"":""Times chosen in Round 1"",""round"":2,""human"":true}",,,,,TRUE,"2019-03-25 14:12:59.356375","{}","lotty_info",3,1,"5"
337,"2019-03-25 14:12:59.375615","{""number"": 46, ""copying"": true, ""score"": 1, ""info_chosen"": ""Times chosen in Round 1"", ""round"": 2, ""human"": true}",,,,,FALSE,,"{}","lotty_info",3,1,"The Caribbean Sea"
338,"2019-03-25 14:12:59.431141",,,,,,FALSE,,"{}","info",1,1,"{""question"": ""Brussels is a city in:"", ""number"": 47, ""round"": 2, ""topic"": ""Geography"", ""Wwer"": ""Germany"", ""Rwer"": ""Belgium"", ""pic"": false}"
339,"2019-03-25 14:13:01.927845","{""number"":47,""copying"":false,""score"":1,""info_chosen"":""NA"",""round"":2,""human"":true}",,,,,FALSE,,"{}","lotty_info",4,1,"Belgium"
340,"2019-03-25 14:13:03.029325","{""number"":47,""copying"":false,""score"":1,""info_chosen"":""NA"",""round"":2,""human"":true}",,,,,FALSE,,"{}","lotty_info",3,1,"Belgium"
341,"2019-03-25 14:13:04.966778","{""number"":47,""copying"":false,""score"":0,""info_chosen"":""NA"",""round"":2,""human"":true}",,,,,FALSE,,"{}","lotty_info",5,1,"Germany"
342,"2019-03-25 14:13:05.023507",,,,,,FALSE,,"{}","info",1,1,"{""question"": ""Melbourne is a city in:"", ""number"": 48, ""round"": 2, ""topic"": ""Geography"", ""Wwer"": ""New Zealand"", ""Rwer"": ""Australia"", ""pic"": false}"
343,"2019-03-25 14:13:06.809642","{""number"":48,""copying"":false,""score"":0,""info_chosen"":""NA"",""round"":2,""human"":true}",,,,,FALSE,,"{}","lotty_info",4,1,"New Zealand"
344,"2019-03-25 14:13:07.746698","{""number"":48,""copying"":false,""score"":0,""info_chosen"":""NA"",""round"":2,""human"":true}",,,,,FALSE,,"{}","lotty_info",3,1,"New Zealand"
345,"2019-03-25 14:13:09.017181","{""number"":48,""copying"":false,""score"":1,""info_chosen"":""NA"",""round"":2,""human"":true}",,,,,FALSE,,"{}","lotty_info",5,1,"Australia"
346,"2019-03-25 14:13:09.076873",,,,,,FALSE,,"{}","info",1,1,"{""question"": ""Paris is closer to:"", ""number"": 49, ""round"": 2, ""topic"": ""Geography"", ""Wwer"": ""Bordeaux"", ""Rwer"": ""Calais"", ""pic"": false}"
347,"2019-03-25 14:13:11.065689","{""number"":24,""copying"":false,""score"":1,""info_chosen"":""NA"",""round"":1,""human"":true}",,,,,FALSE,,"{}","lotty_info",7,2,"French"
348,"2019-03-25 14:13:12.448222","{""number"":24,""copying"":false,""score"":0,""info_chosen"":""NA"",""round"":1,""human"":true}",,,,,FALSE,,"{}","lotty_info",6,2,"Italian"
349,"2019-03-25 14:13:14.562692","{""number"":24,""copying"":false,""score"":0,""info_chosen"":""NA"",""round"":1,""human"":true}",,,,,FALSE,,"{}","lotty_info",8,2,"Italian"
350,"2019-03-25 14:13:14.617288",,,,,,FALSE,,"{}","info",2,2,"{""question"": ""\""Bere\"" means \""drink\"" in which language?"", ""number"": 25, ""round"": 1, ""topic"": ""Language"", ""Wwer"": ""German"", ""Rwer"": ""Italian"", ""pic"": false}"
351,"2019-03-25 14:13:16.116721","{""number"":49,""copying"":false,""score"":1,""info_chosen"":""NA"",""round"":2,""human"":true}",,,,,FALSE,,"{}","lotty_info",3,1,"Calais"
352,"2019-03-25 14:13:17.072091","{""number"":49,""copying"":false,""score"":0,""info_chosen"":""NA"",""round"":2,""human"":true}",,,,,FALSE,,"{}","lotty_info",5,1,"Bordeaux"
353,"2019-03-25 14:13:18.55657","{""number"":49,""copying"":false,""score"":0,""info_chosen"":""NA"",""round"":2,""human"":true}",,,,,FALSE,,"{}","lotty_info",4,1,"Bordeaux"
354,"2019-03-25 14:13:18.61829",,,,,,FALSE,,"{}","info",1,1,"{""question"": ""Sri Lanka is an island off the coast of:"", ""number"": 50, ""round"": 2, ""topic"": ""Geography"", ""Wwer"": ""Cambodia"", ""Rwer"": ""India"", ""pic"": false}"
355,"2019-03-25 14:13:19.884388","{""number"":25,""copying"":false,""score"":0,""info_chosen"":""NA"",""round"":1,""human"":true}",,,,,FALSE,,"{}","lotty_info",7,2,"German"
356,"2019-03-25 14:13:21.064131","{""number"":25,""copying"":false,""score"":1,""info_chosen"":""NA"",""round"":1,""human"":true}",,,,,FALSE,,"{}","lotty_info",8,2,"Italian"
357,"2019-03-25 14:13:22.383733","{""number"":25,""copying"":false,""score"":0,""info_chosen"":""NA"",""round"":1,""human"":true}",,,,,FALSE,,"{}","lotty_info",6,2,"German"
358,"2019-03-25 14:13:22.441092",,,,,,FALSE,,"{}","info",2,2,"{""question"": ""\""Kabaha\"" means \""shoes\"" in which language?"", ""number"": 26, ""round"": 1, ""topic"": ""Language"", ""Wwer"": ""Swahili"", ""Rwer"": ""Somali"", ""pic"": false}"
359,"2019-03-25 14:13:23.418299","{""number"":50,""copying"":false,""score"":0,""info_chosen"":""NA"",""round"":2,""human"":true}",,,,,TRUE,"2019-03-25 14:13:25.313613","{}","lotty_info",4,1,"Ask Someone Else"
360,"2019-03-25 14:13:24.350609","{""number"":50,""copying"":false,""score"":0,""info_chosen"":""NA"",""round"":2,""human"":true}",,,,,TRUE,"2019-03-25 14:13:25.309279","{}","lotty_info",3,1,"Ask Someone Else"
361,"2019-03-25 14:13:25.263278","{""number"":50,""copying"":false,""score"":1,""info_chosen"":""NA"",""round"":2,""human"":true}",,,,,FALSE,,"{}","lotty_info",5,1,"India"
362,"2019-03-25 14:13:25.32657",,,,,,FALSE,,"{}","info",1,1,"Good Luck"
363,"2019-03-25 14:13:30.07806","{""number"":50,""copying"":true,""score"":0,""info_chosen"":""Player ID"",""round"":2,""human"":true}",,,,,TRUE,"2019-03-25 14:13:30.105983","{}","lotty_info",3,1,"5"
364,"2019-03-25 14:13:30.124138","{""number"": 50, ""copying"": true, ""score"": 1, ""info_chosen"": ""Player ID"", ""round"": 2, ""human"": true}",,,,,FALSE,,"{}","lotty_info",3,1,"India"
365,"2019-03-25 14:13:31.169823","{""number"":50,""copying"":true,""score"":0,""info_chosen"":""Player ID"",""round"":2,""human"":true}",,,,,TRUE,"2019-03-25 14:13:31.199772","{}","lotty_info",4,1,"5"
366,"2019-03-25 14:13:31.217026","{""number"": 50, ""copying"": true, ""score"": 1, ""info_chosen"": ""Player ID"", ""round"": 2, ""human"": true}",,,,,FALSE,,"{}","lotty_info",4,1,"India"
367,"2019-03-25 14:13:31.273059",,,,,,FALSE,,"{}","info",1,1,"{""question"": ""Liberia shares a border with:"", ""number"": 51, ""round"": 2, ""topic"": ""Geography"", ""Wwer"": ""Morocco"", ""Rwer"": ""Guinea"", ""pic"": false}"
368,"2019-03-25 14:13:34.138999","{""number"":51,""copying"":false,""score"":1,""info_chosen"":""NA"",""round"":2,""human"":true}",,,,,FALSE,,"{}","lotty_info",4,1,"Guinea"
369,"2019-03-25 14:13:35.07236","{""number"":51,""copying"":false,""score"":1,""info_chosen"":""NA"",""round"":2,""human"":true}",,,,,FALSE,,"{}","lotty_info",5,1,"Guinea"
370,"2019-03-25 14:13:36.171949","{""number"":51,""copying"":false,""score"":0,""info_chosen"":""NA"",""round"":2,""human"":true}",,,,,FALSE,,"{}","lotty_info",3,1,"Morocco"
371,"2019-03-25 14:13:36.226579",,,,,,FALSE,,"{}","info",1,1,"{""question"": ""Oman shares a border with"", ""number"": 52, ""round"": 2, ""topic"": ""Geography"", ""Wwer"": ""Kuwait"", ""Rwer"": ""Saudi Arabia"", ""pic"": false}"
372,"2019-03-25 14:13:38.11243","{""number"":26,""copying"":false,""score"":0,""info_chosen"":""NA"",""round"":1,""human"":false}",,,,,FALSE,,"{}","lotty_info",7,2,"Swahili"
373,"2019-03-25 14:13:38.265528","{""number"":26,""copying"":false,""score"":0,""info_chosen"":""NA"",""round"":1,""human"":false}",,,,,FALSE,,"{}","lotty_info",8,2,"Swahili"
374,"2019-03-25 14:13:38.574315","{""number"":26,""copying"":false,""score"":0,""info_chosen"":""NA"",""round"":1,""human"":false}",,,,,FALSE,,"{}","lotty_info",6,2,"Swahili"
375,"2019-03-25 14:13:38.624562","{""number"":52,""copying"":false,""score"":0,""info_chosen"":""NA"",""round"":2,""human"":true}",,,,,FALSE,,"{}","lotty_info",3,1,"Kuwait"
376,"2019-03-25 14:13:38.635673",,,,,,FALSE,,"{}","info",2,2,"{""question"": ""\""Bocadillo\"" means \""snack\"" in which language?"", ""number"": 27, ""round"": 1, ""topic"": ""Language"", ""Wwer"": ""French"", ""Rwer"": ""Spanish"", ""pic"": false}"
377,"2019-03-25 14:13:39.616539","{""number"":52,""copying"":false,""score"":1,""info_chosen"":""NA"",""round"":2,""human"":true}",,,,,FALSE,,"{}","lotty_info",5,1,"Saudi Arabia"
378,"2019-03-25 14:13:54.163306","{""number"":27,""copying"":false,""score"":1,""info_chosen"":""NA"",""round"":1,""human"":true}",,,,,FALSE,,"{}","lotty_info",7,2,"Spanish"
379,"2019-03-25 14:13:54.445623","{""number"":27,""copying"":false,""score"":0,""info_chosen"":""NA"",""round"":1,""human"":false}",,,,,FALSE,,"{}","lotty_info",8,2,"French"
380,"2019-03-25 14:13:54.758392","{""number"":27,""copying"":false,""score"":0,""info_chosen"":""NA"",""round"":1,""human"":false}",,,,,FALSE,,"{}","lotty_info",6,2,"French"
381,"2019-03-25 14:13:54.820818",,,,,,FALSE,,"{}","info",2,2,"{""question"": ""\""Rzeka\"" means \""river\"" in which language?"", ""number"": 28, ""round"": 1, ""topic"": ""Language"", ""Wwer"": ""Latvian"", ""Rwer"": ""Polish"", ""pic"": false}"
382,"2019-03-25 14:13:57.347967","{""number"":28,""copying"":false,""score"":0,""info_chosen"":""NA"",""round"":1,""human"":true}",,,,,FALSE,,"{}","lotty_info",8,2,"Latvian"
383,"2019-03-25 14:13:58.596399","{""number"":28,""copying"":false,""score"":1,""info_chosen"":""NA"",""round"":1,""human"":true}",,,,,FALSE,,"{}","lotty_info",6,2,"Polish"
384,"2019-03-25 14:13:59.674418","{""number"":28,""copying"":false,""score"":1,""info_chosen"":""NA"",""round"":1,""human"":true}",,,,,FALSE,,"{}","lotty_info",7,2,"Polish"
385,"2019-03-25 14:13:59.73422",,,,,,FALSE,,"{}","info",2,2,"{""question"": ""The above means \""fire\"" in which language?"", ""number"": 29, ""round"": 1, ""topic"": ""Language"", ""Wwer"": ""Bulgarian"", ""Rwer"": ""Russian"", ""pic"": true}"
386,"2019-03-25 14:14:15.582099","{""number"":29,""copying"":false,""score"":0,""info_chosen"":""NA"",""round"":1,""human"":false}",,,,,FALSE,,"{}","lotty_info",8,2,"Bulgarian"
387,"2019-03-25 14:14:15.797347","{""number"":29,""copying"":false,""score"":0,""info_chosen"":""NA"",""round"":1,""human"":false}",,,,,FALSE,,"{}","lotty_info",6,2,"Bulgarian"
388,"2019-03-25 14:14:15.865085","{""number"":29,""copying"":false,""score"":0,""info_chosen"":""NA"",""round"":1,""human"":false}",,,,,FALSE,,"{}","lotty_info",7,2,"Bulgarian"
389,"2019-03-25 14:14:15.923365",,,,,,FALSE,,"{}","info",2,2,"{""question"": ""The above means \""soul\"" in which language?"", ""number"": 30, ""round"": 1, ""topic"": ""Language"", ""Wwer"": ""Armenian"", ""Rwer"": ""Arabic"", ""pic"": true}"
390,"2019-03-25 14:14:18.598745","{""number"":30,""copying"":false,""score"":0,""info_chosen"":""NA"",""round"":1,""human"":true}",,,,,TRUE,"2019-03-25 14:14:22.634434","{}","lotty_info",6,2,"Ask Someone Else"
391,"2019-03-25 14:14:20.802323","{""number"":30,""copying"":false,""score"":0,""info_chosen"":""NA"",""round"":1,""human"":true}",,,,,TRUE,"2019-03-25 14:14:22.64121","{}","lotty_info",8,2,"Ask Someone Else"
392,"2019-03-25 14:14:22.581855","{""number"":30,""copying"":false,""score"":1,""info_chosen"":""NA"",""round"":1,""human"":true}",,,,,FALSE,,"{}","lotty_info",7,2,"Arabic"
393,"2019-03-25 14:14:22.658313",,,,,,FALSE,,"{}","info",2,2,"Good Luck"
394,"2019-03-25 14:14:27.788068","{""number"":30,""copying"":true,""score"":0,""info_chosen"":""Player ID"",""round"":1,""human"":true}",,,,,TRUE,"2019-03-25 14:14:27.822297","{}","lotty_info",8,2,"7"
395,"2019-03-25 14:14:27.841946","{""number"": 30, ""copying"": true, ""score"": 1, ""info_chosen"": ""Player ID"", ""round"": 1, ""human"": true}",,,,,FALSE,,"{}","lotty_info",8,2,"Arabic"
396,"2019-03-25 14:14:28.66748","{""number"":30,""copying"":true,""score"":0,""info_chosen"":""Player ID"",""round"":1,""human"":true}",,,,,TRUE,"2019-03-25 14:14:28.699109","{}","lotty_info",6,2,"7"
397,"2019-03-25 14:14:28.71814","{""number"": 30, ""copying"": true, ""score"": 1, ""info_chosen"": ""Player ID"", ""round"": 1, ""human"": true}",,,,,FALSE,,"{}","lotty_info",6,2,"Arabic"
398,"2019-03-25 14:14:28.778577",,,,,,FALSE,,"{}","info",2,2,"{""question"": ""The above is an image of a painting by which artist?"", ""number"": 31, ""round"": 1, ""topic"": ""Art"", ""Wwer"": ""Edouard Manet"", ""Rwer"": ""Claude Monet"", ""pic"": true}"
399,"2019-03-25 14:14:32.22081","{""number"":31,""copying"":false,""score"":1,""info_chosen"":""NA"",""round"":1,""human"":true}",,,,,FALSE,,"{}","lotty_info",6,2,"Claude Monet"
400,"2019-03-25 14:14:33.627335","{""number"":31,""copying"":false,""score"":0,""info_chosen"":""NA"",""round"":1,""human"":true}",,,,,FALSE,,"{}","lotty_info",8,2,"Edouard Manet"
401,"2019-03-25 14:14:35.643624","{""number"":31,""copying"":false,""score"":0,""info_chosen"":""NA"",""round"":1,""human"":true}",,,,,FALSE,,"{}","lotty_info",7,2,"Edouard Manet"
402,"2019-03-25 14:14:35.70064",,,,,,FALSE,,"{}","info",2,2,"{""question"": ""The above is an image of a painting by which artist?"", ""number"": 32, ""round"": 1, ""topic"": ""Art"", ""Wwer"": ""Rudolf Hausner"", ""Rwer"": ""Gustav Klimt"", ""pic"": true}"
403,"2019-03-25 14:14:37.766269","{""number"":32,""copying"":false,""score"":0,""info_chosen"":""NA"",""round"":1,""human"":true}",,,,,TRUE,"2019-03-25 14:14:40.458261","{}","lotty_info",7,2,"Ask Someone Else"
404,"2019-03-25 14:14:39.006752","{""number"":32,""copying"":false,""score"":0,""info_chosen"":""NA"",""round"":1,""human"":true}",,,,,TRUE,"2019-03-25 14:14:40.453657","{}","lotty_info",6,2,"Ask Someone Else"
405,"2019-03-25 14:14:40.402863","{""number"":32,""copying"":false,""score"":0,""info_chosen"":""NA"",""round"":1,""human"":true}",,,,,FALSE,,"{}","lotty_info",8,2,"Rudolf Hausner"
406,"2019-03-25 14:14:40.473528",,,,,,FALSE,,"{}","info",2,2,"Good Luck"
407,"2019-03-25 14:14:42.999366","{""number"":32,""copying"":true,""score"":0,""info_chosen"":""Player ID"",""round"":1,""human"":true}",,,,,TRUE,"2019-03-25 14:14:43.032762","{}","lotty_info",6,2,"8"
408,"2019-03-25 14:14:43.051149","{""number"": 32, ""copying"": true, ""score"": 0, ""info_chosen"": ""Player ID"", ""round"": 1, ""human"": true}",,,,,FALSE,,"{}","lotty_info",6,2,"Rudolf Hausner"
409,"2019-03-25 14:14:45.611491","{""number"":32,""copying"":true,""score"":0,""info_chosen"":""Player ID"",""round"":1,""human"":true}",,,,,TRUE,"2019-03-25 14:14:45.64679","{}","lotty_info",7,2,"8"
410,"2019-03-25 14:14:45.669809","{""number"": 32, ""copying"": true, ""score"": 0, ""info_chosen"": ""Player ID"", ""round"": 1, ""human"": true}",,,,,FALSE,,"{}","lotty_info",7,2,"Rudolf Hausner"
411,"2019-03-25 14:14:45.727381",,,,,,FALSE,,"{}","info",2,2,"{""question"": ""Edouard Manet died in"", ""number"": 33, ""round"": 1, ""topic"": ""Art"", ""Wwer"": ""1663"", ""Rwer"": ""1883"", ""pic"": false}"
412,"2019-03-25 14:14:48.828423","{""number"":33,""copying"":false,""score"":1,""info_chosen"":""NA"",""round"":1,""human"":true}",,,,,FALSE,,"{}","lotty_info",8,2,"1883"
413,"2019-03-25 14:14:50.077086","{""number"":33,""copying"":false,""score"":1,""info_chosen"":""NA"",""round"":1,""human"":true}",,,,,FALSE,,"{}","lotty_info",6,2,"1883"
414,"2019-03-25 14:14:50.999342","{""number"":33,""copying"":false,""score"":0,""info_chosen"":""NA"",""round"":1,""human"":true}",,,,,TRUE,"2019-03-25 14:14:51.049224","{}","lotty_info",7,2,"Ask Someone Else"
415,"2019-03-25 14:14:51.066553",,,,,,FALSE,,"{}","info",2,2,"Good Luck"
416,"2019-03-25 14:14:53.903285","{""number"":33,""copying"":true,""score"":0,""info_chosen"":""Player ID"",""round"":1,""human"":true}",,,,,TRUE,"2019-03-25 14:14:53.938924","{}","lotty_info",7,2,"8"
417,"2019-03-25 14:14:53.960571","{""number"": 33, ""copying"": true, ""score"": 1, ""info_chosen"": ""Player ID"", ""round"": 1, ""human"": true}",,,,,FALSE,,"{}","lotty_info",7,2,"1883"
418,"2019-03-25 14:14:54.012574",,,,,,FALSE,,"{}","info",2,2,"{""question"": ""\""The starry night\"" is a famous painting by"", ""number"": 34, ""round"": 1, ""topic"": ""Art"", ""Wwer"": ""Jackson Pollock"", ""Rwer"": ""Vincent van Gogh"", ""pic"": false}"
419,"2019-03-25 14:14:55.634608","{""number"":34,""copying"":false,""score"":1,""info_chosen"":""NA"",""round"":1,""human"":true}",,,,,FALSE,,"{}","lotty_info",6,2,"Vincent van Gogh"
420,"2019-03-25 14:14:57.95064","{""number"":34,""copying"":false,""score"":1,""info_chosen"":""NA"",""round"":1,""human"":true}",,,,,FALSE,,"{}","lotty_info",7,2,"Vincent van Gogh"
